Workbook

Sheet ROPO CELKEM
A1: Číslo rozp. Kapitol | B1: Název kapitoly | E1: SCHV. ROZPOČET 2024 | K1: INDEX Ø platu | L1: UPRAV. ROZPOČET 2024 | R1: SKUTEČNOST 2024 | X1: INDEX Ø platu | AA1: SCHV. ROZPOČET 2025 | AG1: INDEX Ø platu | AH1: UPRAV. ROZPOČET 2025 | AN1: SKUTEČNOST 2025 | AT1: INDEX Ø platu
C3: Rozpočtová | E3: PROSTŘEDKY NA PLATY A OPPP v Kč | F3: z toho : | H3: POČET ZAMĚSTANCŮ | I3: Ø měsíční plat v Kč | J3: Pořadí Ø měsíčního platu | K3: schv. 2017 ke schv. 2016 | L3: PROSTŘEDKY NA PLATY A OPPP v Kč | M3: z toho : | O3: POČET ZAMĚSTANCŮ | P3: Ø měsíční plat v Kč | Q3: Pořadí Ø měsíčního platu | R3: PROSTŘEDKY NA PLATY A OPPP v Kč | S3: z toho : | U3: POČET ZAMĚSTANCŮ | V3: Ø měsíční plat v Kč | W3: Pořadí Ø měsíčního platu | X3: skut. 2017 k uprav. rozp. 2017 | Y3: skut. 2017 ke skut. 2016 | AA3: PROSTŘEDKY NA PLATY A OPPP v Kč | AB3: z toho : | AD3: POČET ZAMĚSTANCŮ | AE3: Ø měsíční plat v Kč | AF3: Pořadí Ø měsíčního platu | AG3: schv. 2017 ke schv. 2016 | AH3: PROSTŘEDKY NA PLATY A OPPP v Kč | AI3: z toho : | AK3: POČET ZAMĚSTANCŮ | AL3: Ø měsíční plat v Kč | AM3: Pořadí Ø měsíčního platu | AN3: PROSTŘEDKY NA PLATY A OPPP v Kč | AO3: z toho : | AQ3: POČET ZAMĚSTANCŮ | AR3: Ø měsíční plat v Kč | AS3: Pořadí Ø měsíčního platu | AT3: skut. 2017 k uprav. rozp. 2017 | AU3: skut. 2017 ke skut. 2016
C4: kapitola | F4: OPPP v Kč | G4: PROSTŘEDKY NA PLATY | M4: OPPP v Kč | N4: PROSTŘEDKY NA PLATY | S4: OPPP v Kč | T4: PROSTŘEDKY NA PLATY | AB4: OPPP v Kč | AC4: PROSTŘEDKY NA PLATY | AI4: OPPP v Kč | AJ4: PROSTŘEDKY NA PLATY | AO4: OPPP v Kč | AP4: PROSTŘEDKY NA PLATY
A6: 301 | B6: KPR | C6: Kancelář prezidenta | E6: 206171801 | F6: 9267356 | G6: 196904445 | H6: 420 | I6: 39068 | J6: =RANK(I6,I$6:I$49,0) -> 40 | L6: 206171801 | M6: 9267356 | N6: 196904445 | O6: 420 | P6: 39068 | Q6: =RANK(P6,P$6:P$49,0) -> 41 | R6: 260753498 | S6: 8250553 | T6: 252502945 | U6: 403.07 | V6: 52204 | W6: =RANK(V6,V$6:V$49,0) -> 23 | X6: 115.97249 | Y6: 102.40099 | AA6: 249138546 | AB6: 9828956 | AC6: 239309590 | AD6: 420 | AE6: 47482 | AF6: =RANK(AE6,AE$6:AE$49,0) -> 32 | AH6: 249138546 | AI6: 9828956 | AJ6: 239309590 | AK6: 420 | AL6: 47482 | AM6: =RANK(AL6,AL$6:AL$49,0) -> 32 | AN6: 283004024 | AO6: 8388875 | AP6: 274615149 | AQ6: 407.5 | AR6: 56159 | AS6: =RANK(AR6,AR$6:AR$49,0) -> 21
A7: 302 | B7: Kparl | C7: Parlament | E7: 552557633 | F7: 320950304 | G7: 231607329 | H7: 360 | I7: 53613 | J7: =RANK(I7,I$6:I$49,0) -> 10 | L7: 543589023 | M7: 311981694 | N7: 231607329 | O7: 360 | P7: 53613 | Q7: =RANK(P7,P$6:P$49,0) -> 10 | R7: 542209624 | S7: 295407844 | T7: 246801780 | U7: 350.18 | V7: 58732 | W7: =RANK(V7,V$6:V$49,0) -> 8 | X7: 110.61763 | Y7: 106.0094 | AA7: 608771243 | AB7: 365583548 | AC7: 243187695 | AD7: 360 | AE7: 56293 | AF7: =RANK(AE7,AE$6:AE$49,0) -> 9 | AH7: 608771243 | AI7: 350583548 | AJ7: 258187695 | AK7: 360 | AL7: 59766 | AM7: =RANK(AL7,AL$6:AL$49,0) -> 5 | AN7: 588409387 | AO7: 315948518 | AP7: 272460869 | AQ7: 353.85 | AR7: 64166 | AS7: =RANK(AR7,AR$6:AR$49,0) -> 9
A8: 303 | B8: Ksen | C8: Kancelář Senátu | E8: 269729032 | F8: 147988022 | G8: 121741010 | H8: 203 | I8: 49976 | J8: =RANK(I8,I$6:I$49,0) -> 20 | L8: 269729032 | M8: 147988022 | N8: 121741010 | O8: 203 | P8: 49976 | Q8: =RANK(P8,P$6:P$49,0) -> 21 | R8: 257044581 | S8: 129848776 | T8: 127195805 | U8: 192.12 | V8: 55172 | W8: =RANK(V8,V$6:V$49,0) -> 17 | X8: 111.5062 | Y8: 105.97116 | AA8: 285727130 | AB8: 149499069 | AC8: 136228061 | AD8: 203 | AE8: 55923 | AF8: =RANK(AE8,AE$6:AE$49,0) -> 13 | AH8: 285727130 | AI8: 149499069 | AJ8: 136228061 | AK8: 203 | AL8: 55923 | AM8: =RANK(AL8,AL$6:AL$49,0) -> 15 | AN8: 288969406 | AO8: 148353620 | AP8: 140615786 | AQ8: 191.55 | AR8: 61175 | AS8: =RANK(AR8,AR$6:AR$49,0) -> 11
A9: 304 | B9: ÚV | C9: Úřad vlády | E9: 465704149 | F9: 75110024 | G9: 390594125 | H9: 589 | I9: 55262 | J9: =RANK(I9,I$6:I$49,0) -> 7 | L9: 517187881 | M9: 85705212 | N9: 431482669 | O9: 583.79 | P9: 61592 | Q9: =RANK(P9,P$6:P$49,0) -> 4 | R9: 512218563 | S9: 92244335 | T9: 419974228 | U9: 549.44 | V9: 63697 | W9: =RANK(V9,V$6:V$49,0) -> 4 | X9: 104.23737 | Y9: 104.32086 | AA9: 504163458 | AB9: 91738048 | AC9: 412425410 | AD9: 596.5 | AE9: 57617 | AF9: =RANK(AE9,AE$6:AE$49,0) -> 8 | AH9: 507542726 | AI9: 89538748 | AJ9: 418003978 | AK9: 584.25 | AL9: 59621 | AM9: =RANK(AL9,AL$6:AL$49,0) -> 6 | AN9: 518695257 | AO9: 79745871 | AP9: 438949386 | AQ9: 540.19 | AR9: 67715 | AS9: =RANK(AR9,AR$6:AR$49,0) -> 4
A10: 306 | B10: MZV | C10: Ministerstvo zahraničních věcí | E10: 1162402381 | F10: 9538950 | G10: 1152863431 | H10: 2151 | I10: 44664 | J10: =RANK(I10,I$6:I$49,0) -> 28 | L10: 1162198781 | M10: 9538950 | N10: 1152659831 | O10: 2150.66 | P10: 44663 | Q10: =RANK(P10,P$6:P$49,0) -> 32 | R10: 1150819473 | S10: 10374940 | T10: 1140444533 | U10: 1936.4 | V10: 49079 | W10: =RANK(V10,V$6:V$49,0) -> 28 | X10: 109.7802 | Y10: 107.73189 | AA10: 1218786299 | AB10: 9859350 | AC10: 1208926949 | AD10: 2149 | AE10: 46879 | AF10: =RANK(AE10,AE$6:AE$49,0) -> 34 | AH10: 1215213280 | AI10: 12322846 | AJ10: 1202890434 | AK10: 2149.58 | AL10: 46633 | AM10: =RANK(AL10,AL$6:AL$49,0) -> 34 | AN10: 1.2037275e+09 | AO10: 9684006.4 | AP10: 1194043491 | AQ10: 1945.75 | AR10: 51139 | AS10: =RANK(AR10,AR$6:AR$49,0) -> 33
A11: 307 | B11: MO | C11: Ministerstvo obrany | E11: 21953327619 | F11: 1488540656 | G11: 20464786963 | H11: 38691 | I11: 44077 | J11: =RANK(I11,I$6:I$49,0) -> 31 | L11: 22471921037 | M11: 1576083689 | N11: 20895837348 | O11: 38691 | P11: 45006 | Q11: =RANK(P11,P$6:P$49,0) -> 31 | R11: 2.1776562e+10 | S11: 1.5317053e+09 | T11: 2.0244857e+10 | U11: 36749.73 | V11: 45907 | W11: =RANK(V11,V$6:V$49,0) -> 35 | X11: 102.38595 | Y11: 107.16422 | AA11: 24013544242 | AB11: 1486646458 | AC11: 22526897784 | AD11: 39881 | AE11: 47071 | AF11: =RANK(AE11,AE$6:AE$49,0) -> 33 | AH11: 23395303305 | AI11: 1491270608 | AJ11: 21904032697 | AK11: 39881 | AL11: 45770 | AM11: =RANK(AL11,AL$6:AL$49,0) -> 36 | AN11: 2.3614967e+10 | AO11: 1.5300254e+09 | AP11: 2.2084941e+10 | AQ11: 37394.52 | AR11: 49216 | AS11: =RANK(AR11,AR$6:AR$49,0) -> 36
A12: 308 | B12: NBÚ | C12: Národní bezpečnostní úřad | E12: 169118073 | F12: 1420438 | G12: 167697635 | H12: 262 | I12: 53339 | J12: =RANK(I12,I$6:I$49,0) -> 11 | L12: 171118073 | M12: 1420438 | N12: 169697635 | O12: 262 | P12: 53975 | Q12: =RANK(P12,P$6:P$49,0) -> 9 | R12: 163305774 | S12: 1287300 | T12: 162018474 | U12: 235.18 | V12: 57409 | W12: =RANK(V12,V$6:V$49,0) -> 11 | X12: 114.17636 | Y12: 107.49139 | AA12: 177502955 | AB12: 1420438 | AC12: 176082517 | AD12: 262 | AE12: 56006 | AF12: =RANK(AE12,AE$6:AE$49,0) -> 11 | AH12: 184411290 | AI12: 1420438 | AJ12: 182990852 | AK12: 262 | AL12: 58203 | AM12: =RANK(AL12,AL$6:AL$49,0) -> 8 | AN12: 182091638 | AO12: 2626566 | AP12: 179465072 | AQ12: 232.85 | AR12: 64228 | AS12: =RANK(AR12,AR$6:AR$49,0) -> 8
A13: 309 | B13: KVOP | C13: Kancelář veřejného ochránce práv | E13: 91264225 | F13: 7993580 | G13: 83270645 | H13: 154 | I13: 45060 | J13: =RANK(I13,I$6:I$49,0) -> 27 | L13: 94264225 | M13: 7993580 | N13: 86270645 | O13: 154 | P13: 46683 | Q13: =RANK(P13,P$6:P$49,0) -> 25 | R13: 95891502 | S13: 9088750 | T13: 86802752 | U13: 153.11 | V13: 47244 | W13: =RANK(V13,V$6:V$49,0) -> 34 | X13: 100.58525 | Y13: 104.34503 | AA13: 107206357 | AB13: 12010580 | AC13: 95195777 | AD13: 154 | AE13: 51513 | AF13: =RANK(AE13,AE$6:AE$49,0) -> 24 | AH13: 110204414 | AI13: 12010580 | AJ13: 98193834 | AK13: 158.85 | AL13: 51513 | AM13: =RANK(AL13,AL$6:AL$49,0) -> 23 | AN13: 1.0715732e+08 | AO13: 9284877 | AP13: 97872447 | AQ13: 156.77 | AR13: 52025 | AS13: =RANK(AR13,AR$6:AR$49,0) -> 31
A14: 312 | B14: MF | C14: Ministerstvo financí | E14: 13038946442 | F14: 57330478 | G14: 12981615964 | H14: 23458 | I14: 46117 | J14: =RANK(I14,I$6:I$49,0) -> 26 | L14: 13049114063 | M14: 58254903 | N14: 12990859160 | O14: 23456.87 | P14: 46152 | Q14: =RANK(P14,P$6:P$49,0) -> 28 | R14: 1.273951e+10 | S14: 76307371 | T14: 1.2663203e+10 | U14: 21604.61 | V14: 48845 | W14: =RANK(V14,V$6:V$49,0) -> 30 | X14: 108.22808 | Y14: 113.69855 | AA14: 13698338262 | AB14: 57080922 | AC14: 13641257340 | AD14: 23308.667 | AE14: 48770 | AF14: =RANK(AE14,AE$6:AE$49,0) -> 30 | AH14: 13312889256 | AI14: 61477124 | AJ14: 13251412132 | AK14: 23323 | AL14: 47347 | AM14: =RANK(AL14,AL$6:AL$49,0) -> 33 | AN14: 1.3228378e+10 | AO14: 47861289 | AP14: 1.3180517e+10 | AQ14: 21323.57 | AR14: 51510 | AS14: =RANK(AR14,AR$6:AR$49,0) -> 32
A15: 313 | B15: MPSV | C15: Ministerstvo práce a sociálních věcí | E15: 9333365843 | F15: 53402724 | G15: 9279963119 | H15: 22717.55 | I15: 34041 | J15: =RANK(I15,I$6:I$49,0) -> 44 | L15: 10696626917 | M15: 253439469 | N15: 10443187448 | O15: 21889.25 | P15: 39758 | Q15: =RANK(P15,P$6:P$49,0) -> 40 | R15: 1.068464e+10 | S15: 239195812 | T15: 1.0445445e+10 | U15: 20942.54 | V15: 41564 | W15: =RANK(V15,V$6:V$49,0) -> 41 | X15: 103.65293 | Y15: 107.45682 | AA15: 10077513117 | AB15: 102266077 | AC15: 9975247040 | AD15: 22100 | AE15: 37614 | AF15: =RANK(AE15,AE$6:AE$49,0) -> 43 | AH15: 10983290523 | AI15: 122058620 | AJ15: 10861231903 | AK15: 21919.2 | AL15: 41293 | AM15: =RANK(AL15,AL$6:AL$49,0) -> 42 | AN15: 1.0864002e+10 | AO15: 121391225 | AP15: 1.0742611e+10 | AQ15: 20511.99 | AR15: 43644 | AS15: =RANK(AR15,AR$6:AR$49,0) -> 42
A16: 314 | B16: MV | C16: Ministerstvo vnitra | E16: 41411281211 | F16: 379056240 | G16: 41032224971 | H16: 73882.83 | I16: 46281 | J16: =RANK(I16,I$6:I$49,0) -> 25 | L16: 42066145769 | M16: 597912182 | N16: 41468233587 | O16: 74165.57 | P16: 46594 | Q16: =RANK(P16,P$6:P$49,0) -> 26 | R16: 4.2140096e+10 | S16: 6.282509e+08 | T16: 4.1511845e+10 | U16: 67090.19 | V16: 51562 | W16: =RANK(V16,V$6:V$49,0) -> 25 | X16: 104.15274 | Y16: 109.3147 | AA16: 44532705533 | AB16: 471077671 | AC16: 44061627862 | AD16: 74119.88 | AE16: 49539 | AF16: =RANK(AE16,AE$6:AE$49,0) -> 26 | AH16: 45364390973 | AI16: 591906342 | AJ16: 44772484631 | AK16: 74123.76 | AL16: 50335 | AM16: =RANK(AL16,AL$6:AL$49,0) -> 26 | AN16: 4.5334838e+10 | AO16: 6.7591762e+08 | AP16: 4.4658921e+10 | AQ16: 67216.04 | AR16: 55367 | AS16: =RANK(AR16,AR$6:AR$49,0) -> 23
A17: 315 | B17: MŽP | C17: Ministerstvo životního prostředí | E17: 1944706412 | F17: 62555590 | G17: 1882150822 | H17: 3556.53 | I17: 44101 | J17: =RANK(I17,I$6:I$49,0) -> 30 | L17: 2100034101 | M17: 95126225 | N17: 2004907876 | O17: 3648.14 | P17: 45797 | Q17: =RANK(P17,P$6:P$49,0) -> 30 | R17: 2.1477277e+09 | S17: 91307105 | T17: 2056420593 | U17: 3501.95 | V17: 48935 | W17: =RANK(V17,V$6:V$49,0) -> 29 | X17: 103.33994 | Y17: 108.21418 | AA17: 2159699558 | AB17: 67270455 | AC17: 2092429103 | AD17: 3660.61 | AE17: 47634 | AF17: =RANK(AE17,AE$6:AE$49,0) -> 31 | AH17: 2196057349 | AI17: 80460850 | AJ17: 2115596499 | AK17: 3700.52 | AL17: 47642 | AM17: =RANK(AL17,AL$6:AL$49,0) -> 31 | AN17: 2.3574031e+09 | AO17: 99208465 | AP17: 2.2581947e+09 | AQ17: 3597.73 | AR17: 52306 | AS17: =RANK(AR17,AR$6:AR$49,0) -> 29
... A39: 362 | B39: NSA | C39: Národní sportovní agentura | E39: 50394848 | F39: 8170182 | G39: 42224666 | H39: 83 | I39: 42394 | J39: =RANK(I39,I$6:I$49,0) -> 36 | L39: 61290942 | M39: 8170182 | N39: 53120760 | O39: 84.5 | P39: 52387 | Q39: =RANK(P39,P$6:P$49,0) -> 15 | R39: 62415320 | S39: 8825455 | T39: 53589865 | U39: 77.5 | V39: 57624 | W39: =RANK(V39,V$6:V$49,0) -> 10 | X39: 0 | Y39: 0 | AA39: 64665780 | AB39: 8888982 | AC39: 55776798 | AD39: 86 | AE39: 54047 | AF39: =RANK(AE39,AE$6:AE$49,0) -> 17 | AH39: 67560781 | AI39: 8888982 | AJ39: 58671799 | AK39: 86 | AL39: 56853 | AM39: =RANK(AL39,AL$6:AL$49,0) -> 12 | AN39: 64594397 | AO39: 9710213 | AP39: 54884184 | AQ39: 78.47 | AR39: 58286 | AS39: =RANK(AR39,AR$6:AR$49,0) -> 17
A40: 364 | B40: DIA | E40: 206924933 | F40: 5033240 | G40: 201891693 | H40: 207.5 | I40: 81081 | L40: 324983930 | M40: 27595670 | N40: 297388260 | O40: 324.67 | P40: 76331 | R40: 205453831 | S40: 20100351 | T40: 185353480 | U40: 221.97 | V40: 69587 | AA40: 376169213 | AB40: 75043805 | AC40: 301125408 | AD40: 337 | AE40: 74462 | AF40: =RANK(AE40,AE$6:AE$49,0) -> 2 | AH40: 390753807 | AI40: 82921805 | AJ40: 307832002 | AK40: 343.83 | AL40: 74609 | AM40: =RANK(AL40,AL$6:AL$49,0) -> 2 | AN40: 292930858 | AO40: 32743819 | AP40: 260187039 | AQ40: 280.89 | AR40: 77191
A41: 371 | B41: ÚDHPS | C41: Úřad pro dohled nad hospodařením politických stran a politických hnutí | E41: 16986049 | F41: 700000 | G41: 16286049 | H41: 19 | I41: 71430 | J41: =RANK(I41,I$6:I$49,0) -> 2 | L41: 16986049 | M41: 700000 | N41: 16286049 | O41: 19 | P41: 71430 | Q41: =RANK(P41,P$6:P$49,0) -> 2 | R41: 15266854 | S41: 37875 | T41: 15228979 | U41: 18.4 | V41: 68972 | W41: =RANK(V41,V$6:V$49,0) -> 3 | X41: 127.00461 | Y41: 0 | AA41: 19462623 | AB41: 700000 | AC41: 18762623 | AD41: 20 | AE41: 78178 | AF41: =RANK(AE41,AE$6:AE$49,0) -> 1 | AH41: 19462623 | AI41: 700000 | AJ41: 18762623 | AK41: 20 | AL41: 78178 | AM41: =RANK(AL41,AL$6:AL$49,0) -> 1 | AN41: 18094945 | AO41: 28125 | AP41: 18066820 | AQ41: 19.53 | AR41: 77090 | AS41: =RANK(AR41,AR$6:AR$49,0) -> 3
A42: 372 | B42: RRTV | C42: Rada pro rozhlasové a televizní vysílání | E42: 43284149 | F42: 17917296 | G42: 25366853 | H42: 48 | I42: 44040 | J42: =RANK(I42,I$6:I$49,0) -> 32 | L42: 42703882 | M42: 17337029 | N42: 25366853 | O42: 48 | P42: 44040 | Q42: =RANK(P42,P$6:P$49,0) -> 34 | R42: 41385445 | S42: 17272632 | T42: 24112813 | U42: 44 | V42: 45668 | W42: =RANK(V42,V$6:V$49,0) -> 36 | X42: 109.8789 | Y42: 107.11182 | AA42: 48661592 | AB42: 20188896 | AC42: 28472696 | AD42: 48 | AE42: 49432 | AF42: =RANK(AE42,AE$6:AE$49,0) -> 27 | AH42: 48661592 | AI42: 20188896 | AJ42: 28472696 | AK42: 48 | AL42: 49432 | AM42: =RANK(AL42,AL$6:AL$49,0) -> 27 | AN42: 46443629 | AO42: 19556123 | AP42: 26887506 | AQ42: 43 | AR42: 52108 | AS42: =RANK(AR42,AR$6:AR$49,0) -> 30
A43: 373 | B43: ÚPDI | E43: 15140797 | F43: 300000 | G43: 14840797 | H43: 23 | I43: 53771 | J43: =RANK(I43,I$6:I$49,0) -> 9 | X43: 103.71916 | Y43: 0
A44: 374 | B44: SSHR | C44: Správa státních hmotných rezerv | E44: 205656880 | F44: 1357529 | G44: 204299351 | H44: 416 | I44: 40925 | J44: =RANK(I44,I$6:I$49,0) -> 37 | L44: 209421880 | M44: 1357529 | N44: 208064351 | O44: 416 | P44: 41680 | Q44: =RANK(P44,P$6:P$49,0) -> 38 | R44: 205569155 | S44: 1265364 | T44: 204303791 | U44: 373.85 | V44: 45540 | W44: =RANK(V44,V$6:V$49,0) -> 37 | X44: 105.08833 | Y44: 105.5875 | AA44: 215014318 | AB44: 1357529 | AC44: 213656789 | AD44: 416 | AE44: 42800 | AF44: =RANK(AE44,AE$6:AE$49,0) -> 39 | AH44: 215014318 | AI44: 1357529 | AJ44: 213656789 | AK44: 416 | AL44: 42800 | AM44: =RANK(AL44,AL$6:AL$49,0) -> 39 | AN44: 218663897 | AO44: 1847377 | AP44: 216816520 | AQ44: 376.14 | AR44: 48035 | AS44: =RANK(AR44,AR$6:AR$49,0) -> 37
A45: 375 | B45: SÚJB | C45: Státní úřad pro jadernou bezpečnost | E45: 152152559 | F45: 2000700 | G45: 150151859 | H45: 218 | I45: 57397 | J45: =RANK(I45,I$6:I$49,0) -> 4 | L45: 152152559 | M45: 2000700 | N45: 150151859 | O45: 218 | P45: 57397 | Q45: =RANK(P45,P$6:P$49,0) -> 5 | R45: 150907206 | S45: 2792212 | T45: 148114994 | U45: 196.82 | V45: 62712 | W45: =RANK(V45,V$6:V$49,0) -> 5 | X45: 104.95619 | Y45: 108.30305 | AA45: 170611915 | AB45: 2000700 | AC45: 168611215 | AD45: 237 | AE45: 59287 | AF45: =RANK(AE45,AE$6:AE$49,0) -> 5 | AH45: 170611915 | AI45: 2000700 | AJ45: 168611215 | AK45: 237 | AL45: 59287 | AM45: =RANK(AL45,AL$6:AL$49,0) -> 7 | AN45: 165650329 | AO45: 3194379 | AP45: 162455950 | AQ45: 204.75 | AR45: 66120 | AS45: =RANK(AR45,AR$6:AR$49,0) -> 6
A46: 376 | B46: GIBS | C46: Generální inspekce bezpečnostních sborů | E46: 269397297 | F46: 2079040 | G46: 267318257 | H46: 333 | I46: 66896 | J46: =RANK(I46,I$6:I$49,0) -> 3 | L46: 269397297 | M46: 2079040 | N46: 267318257 | O46: 333 | P46: 66896 | Q46: =RANK(P46,P$6:P$49,0) -> 3 | R46: 2.6192174e+08 | S46: 2188741 | T46: 2.59733e+08 | U46: 297.67 | V46: 72713 | W46: =RANK(V46,V$6:V$49,0) -> 1 | X46: 111.29527 | Y46: 125.59838 | AA46: 282763210 | AB46: 2079040 | AC46: 280684170 | AD46: 333 | AE46: 70241 | AF46: =RANK(AE46,AE$6:AE$49,0) -> 3 | AH46: 287155210 | AI46: 2079040 | AJ46: 285076170 | AK46: 333 | AL46: 71340 | AM46: =RANK(AL46,AL$6:AL$49,0) -> 3 | AN46: 277436787 | AO46: 1882911 | AP46: 275553876 | AQ46: 296.26 | AR46: 77509 | AS46: =RANK(AR46,AR$6:AR$49,0) -> 1
A47: 377 | B47: TAČR | C47: Technologická agentura ČR | E47: 94505349 | F47: 6573835 | G47: 87931514 | H47: 147.8 | I47: 49578 | J47: =RANK(I47,I$6:I$49,0) -> 21 | L47: 95770494 | M47: 7608980 | N47: 88161514 | O47: 148.18 | P47: 49580 | Q47: =RANK(P47,P$6:P$49,0) -> 22 | R47: 97273820 | S47: 6438206 | T47: 90835614 | U47: 146.13 | V47: 51801 | W47: =RANK(V47,V$6:V$49,0) -> 24 | X47: 107.43837 | Y47: 104.93751 | AA47: 98095468 | AB47: 9523835 | AC47: 88571633 | AD47: 142.27 | AE47: 51880 | AF47: =RANK(AE47,AE$6:AE$49,0) -> 22 | AH47: 102280425 | AI47: 9803835 | AJ47: 92476590 | AK47: 149.1 | AL47: 51686 | AM47: =RANK(AL47,AL$6:AL$49,0) -> 22 | AN47: 103230528 | AO47: 8010310 | AP47: 95220218 | AQ47: 144.26 | AR47: 55005 | AS47: =RANK(AR47,AR$6:AR$49,0) -> 25
A48: 378 | B48: NÚKIB | C48: Národní úřad pro kybernetickou a informační bezpečnost | E48: 239467965 | F48: 803648 | G48: 238664317 | H48: 373 | I48: 53321 | J48: =RANK(I48,I$6:I$49,0) -> 12 | L48: 239687745 | M48: 803648 | N48: 238884097 | O48: 373 | P48: 53370 | Q48: =RANK(P48,P$6:P$49,0) -> 11 | R48: 239020211 | S48: 1894625 | T48: 237125586 | U48: 357.23 | V48: 55316 | W48: =RANK(V48,V$6:V$49,0) -> 15 | X48: 97.656313 | Y48: 0 | AA48: 259183747 | AB48: 803648 | AC48: 258380099 | AD48: 385 | AE48: 55926 | AF48: =RANK(AE48,AE$6:AE$49,0) -> 12 | AH48: 261641226 | AI48: 941502 | AJ48: 260699724 | AK48: 385.17 | AL48: 56404 | AM48: =RANK(AL48,AL$6:AL$49,0) -> 14 | AN48: 259017236 | AO48: 3805621 | AP48: 255211615 | AQ48: 364.76 | AR48: 58306 | AS48: =RANK(AR48,AR$6:AR$49,0) -> 16
A49: 381 | B49: NKÚ | C49: Nejvyšší kontrolní úřad | E49: 366875024 | F49: 32988794 | G49: 333886230 | H49: 485 | I49: 57369 | J49: =RANK(I49,I$6:I$49,0) -> 5 | L49: 366875024 | M49: 32988794 | N49: 333886230 | O49: 485 | P49: 57369 | Q49: =RANK(P49,P$6:P$49,0) -> 6 | R49: 352532243 | S49: 31009532 | T49: 3.2152271e+08 | U49: 433.12 | V49: 61862 | W49: =RANK(V49,V$6:V$49,0) -> 6 | X49: 108.47367 | Y49: 106.59508 | AA49: 387824536 | AB49: 37243994 | AC49: 350580542 | AD49: 475 | AE49: 61505 | AF49: =RANK(AE49,AE$6:AE$49,0) -> 4 | AH49: 387824536 | AI49: 37243994 | AJ49: 350580542 | AK49: 475 | AL49: 61505 | AM49: =RANK(AL49,AL$6:AL$49,0) -> 4 | AN49: 384145688 | AO49: 33481326 | AP49: 350664362 | AQ49: 436.13 | AR49: 67003 | AS49: =RANK(AR49,AR$6:AR$49,0) -> 5
A50: RO CELKEM
C51: C E L K E M | E51: =SUM(E6:E49) -> 266566761782 | F51: =SUM(F6:F49) -> 10877166562 | G51: =SUM(G6:G49) -> 255689595220 | H51: =SUM(H6:H49) -> 487591.14 | I51: =G51/H51/12 -> 43699.453 | J51: - | L51: =SUM(L6:L49) -> 274022930491 | M51: =SUM(M6:M49) -> 12164612882 | N51: =SUM(N6:N49) -> 261858317609 | O51: =SUM(O6:O49) -> 496370.78 | P51: =N51/O51/12 -> 43962.15 | Q51: - | R51: =SUM(R6:R49) -> 2.7855964e+11 | S51: =SUM(S6:S49) -> 1.3789195e+10 | T51: =SUM(T6:T49) -> 2.6477044e+11 | U51: =SUM(U6:U49) -> 487078.23 | V51: =T51/U51/12 -> 45299.096 | W51: - | X51: 105.05603 | Y51: 109.02711 | AA51: =SUM(AA6:AA49) -> 286822781187 | AB51: =SUM(AB6:AB49) -> 11805231248 | AC51: =SUM(AC6:AC49) -> 275017549939 | AD51: =SUM(AD6:AD49) -> 488960.52 | AE51: =IF(AD51=0,0,ROUND(AC51/AD51/12,0)) -> 46871 | AF51: - | AH51: =SUM(AH6:AH49) -> 292626094751 | AI51: =SUM(AI6:AI49) -> 12572815043 | AJ51: =SUM(AJ6:AJ49) -> 280053279708 | AK51: =SUM(AK6:AK49) -> 500544.44 | AL51: =IF(AK51=0,0,ROUND(AJ51/AK51/12,0)) -> 46625 | AM51: - | AN51: =SUM(AN6:AN49) -> 2.9851541e+11 | AO51: =SUM(AO6:AO49) -> 1.4351298e+10 | AP51: =SUM(AP6:AP49) -> 2.8416411e+11 | AQ51: =SUM(AQ6:AQ49) -> 490977.41 | AR51: =IF(AQ51=0,0,ROUND(AP51/AQ51/12,0)) -> 48231 | AS51: -
E54: =E51=SUMAR!E14 -> TRUE | F54: =F51=SUMAR!F14 -> TRUE | G54: =G51=SUMAR!G14 -> TRUE | H54: =H51=SUMAR!H14 -> TRUE | I54: =I51=SUMAR!I14 -> TRUE | L54: =L51=SUMAR!L14 -> TRUE | M54: =M51=SUMAR!M14 -> TRUE | N54: =N51=SUMAR!N14 -> TRUE | O54: =O51=SUMAR!O14 -> TRUE | P54: =P51=SUMAR!P14 -> TRUE | R54: =R51=SUMAR!R14 -> TRUE | S54: =S51=SUMAR!S14 -> TRUE | T54: =T51=SUMAR!T14 -> TRUE | U54: =U51=SUMAR!U14 -> TRUE | V54: =V51=SUMAR!V14 -> TRUE | AA54: =AA51=SUMAR!AA14 -> TRUE | AB54: =AB51=SUMAR!AB14 -> TRUE | AC54: =AC51=SUMAR!AC14 -> TRUE | AD54: =AD51=SUMAR!AD14 -> TRUE | AE54: =AE51=SUMAR!AE14 -> TRUE | AH54: =AH51=SUMAR!AH14 -> TRUE | AI54: =AI51=SUMAR!AI14 -> TRUE | AJ54: =AJ51=SUMAR!AJ14 -> TRUE | AK54: =AK51=SUMAR!AK14 -> TRUE | AL54: =AL51=SUMAR!AL14 -> TRUE | AN54: =AN51=SUMAR!AN14 -> TRUE | AO54: =AO51=SUMAR!AO14 -> TRUE | AP54: =AP51=SUMAR!AP14 -> TRUE | AQ54: =AQ51=SUMAR!AQ14 -> TRUE | AR54: =AR51=SUMAR!AR14 -> TRUE

Sheet OSS (RO)
A1: Číslo rozp. Kapitol | B1: Název kapitoly | E1: SCHV. ROZPOČET 2013 | K1: INDEX Ø platu | L1: UPRAV. ROZPOČET 2013 | R1: SKUTEČNOST 2013 | X1: INDEX Ø platu | AA1: SCHV. ROZPOČET 2014 | AG1: INDEX Ø platu | AH1: UPRAV. ROZPOČET 2014 | AN1: SKUTEČNOST 2014 | AT1: INDEX Ø platu | AW1: SCHV. ROZPOČET 2015 | BC1: INDEX Ø platu | BD1: UPRAV. ROZPOČET 2015 | BJ1: SKUTEČNOST 2015 | BP1: INDEX Ø platu | BS1: SCHV. ROZPOČET 2016 | BY1: INDEX Ø platu | BZ1: UPRAV. ROZPOČET 2016 | CF1: SKUTEČNOST 2016 | CL1: INDEX Ø platu | CO1: SCHV. ROZPOČET 2017 | CU1: INDEX Ø platu | CV1: UPRAV. ROZPOČET 2017 | DB1: SKUTEČNOST 2017 | DH1: INDEX Ø platu | DK1: SCHV. ROZPOČET 2018 | DQ1: INDEX Ø platu | DR1: UPRAV. ROZPOČET 2018 | DX1: SKUTEČNOST 2018 | ED1: INDEX Ø platu | EG1: SCHV. ROZPOČET 2019 | EM1: INDEX Ø platu | EN1: UPRAV. ROZPOČET 2019 | ET1: SKUTEČNOST 2019 | EZ1: INDEX Ø platu | FC1: SCHV. ROZPOČET 2020 | FI1: INDEX Ø platu | FJ1: UPRAV. ROZPOČET 2020 | FP1: SKUTEČNOST 2020 | FV1: INDEX Ø platu | FY1: SCHV. ROZPOČET 2024 | GE1: INDEX Ø platu | GF1: UPRAV. ROZPOČET 2024 | GL1: SKUTEČNOST 2024 | GR1: INDEX Ø platu | GU1: SCHV. ROZPOČET 2025 | HA1: INDEX Ø platu | HB1: UPRAV. ROZPOČET 2025 | HH1: SKUTEČNOST 2025 | HN1: INDEX Ø platu
C3: Rozpočtová | E3: PROSTŘEDKY NA PLATY A OPPP v Kč | F3: z toho : | H3: POČET ZAMĚSTANCŮ | I3: Ø měsíční plat v Kč | J3: Pořadí Ø měsíčního platu | K3: schv. 2013 ke schv. 2012 | L3: PROSTŘEDKY NA PLATY A OPPP v Kč | M3: z toho : | O3: POČET ZAMĚSTANCŮ | P3: Ø měsíční plat v Kč | Q3: Pořadí Ø měsíčního platu | R3: PROSTŘEDKY NA PLATY A OPPP v Kč | S3: z toho : | U3: POČET ZAMĚSTANCŮ | V3: Ø měsíční plat v Kč | W3: Pořadí Ø měsíčního platu | X3: skut. 2013 k uprav. rozp. 2013 | Y3: skut. 2013 ke skut. 2012 | AA3: PROSTŘEDKY NA PLATY A OPPP v Kč | AB3: z toho : | AD3: POČET ZAMĚSTANCŮ | AE3: Ø měsíční plat v Kč | AF3: Pořadí Ø měsíčního platu | AG3: schv. 2014 ke schv. 2013 | AH3: PROSTŘEDKY NA PLATY A OPPP v Kč | AI3: z toho : | AK3: POČET ZAMĚSTANCŮ | AL3: Ø měsíční plat v Kč | AM3: Pořadí Ø měsíčního platu | AN3: PROSTŘEDKY NA PLATY A OPPP v Kč | AO3: z toho : | AQ3: POČET ZAMĚSTANCŮ | AR3: Ø měsíční plat v Kč | AS3: Pořadí Ø měsíčního platu | AT3: skut. 2014 k uprav. rozp. 2014 | AU3: skut. 2014 ke skut. 2013 | AW3: PROSTŘEDKY NA PLATY A OPPP v Kč | AX3: z toho : | AZ3: POČET ZAMĚSTANCŮ | BA3: Ø měsíční plat v Kč | BB3: Pořadí Ø měsíčního platu | BC3: schv. 2015 ke schv. 2014 | BD3: PROSTŘEDKY NA PLATY A OPPP v Kč | BE3: z toho : | BG3: POČET ZAMĚSTANCŮ | BH3: Ø měsíční plat v Kč | BI3: Pořadí Ø měsíčního platu | BJ3: PROSTŘEDKY NA PLATY A OPPP v Kč | BK3: z toho : | BM3: POČET ZAMĚSTANCŮ | BN3: Ø měsíční plat v Kč | BO3: Pořadí Ø měsíčního platu | BP3: skut. 2015 k uprav. rozp. 2015 | BQ3: skut. 2015 ke skut. 2014 | BS3: PROSTŘEDKY NA PLATY A OPPP v Kč | BT3: z toho : | BV3: POČET ZAMĚSTANCŮ | BW3: Ø měsíční plat v Kč | BX3: Pořadí Ø měsíčního platu | BY3: schv. 2016 ke schv. 2015 | BZ3: PROSTŘEDKY NA PLATY A OPPP v Kč | CA3: z toho : | CC3: POČET ZAMĚSTANCŮ | CD3: Ø měsíční plat v Kč | CE3: Pořadí Ø měsíčního platu | CF3: PROSTŘEDKY NA PLATY A OPPP v Kč | CG3: z toho : | CI3: POČET ZAMĚSTANCŮ | CJ3: Ø měsíční plat v Kč | CK3: Pořadí Ø měsíčního platu | CL3: skut. 2016 k uprav. rozp. 2016 | CM3: skut. 2016 ke skut. 2015 | CO3: PROSTŘEDKY NA PLATY A OPPP v Kč | CP3: z toho : | CR3: POČET ZAMĚSTANCŮ | CS3: Ø měsíční plat v Kč | CT3: Pořadí Ø měsíčního platu | CU3: schv. 2017 ke schv. 2016 | CV3: PROSTŘEDKY NA PLATY A OPPP v Kč | CW3: z toho : | CY3: POČET ZAMĚSTANCŮ | CZ3: Ø měsíční plat v Kč | DA3: Pořadí Ø měsíčního platu | DB3: PROSTŘEDKY NA PLATY A OPPP v Kč | DC3: z toho : | DE3: POČET ZAMĚSTANCŮ | DF3: Ø měsíční plat v Kč | DG3: Pořadí Ø měsíčního platu | DH3: skut. 2017 k uprav. rozp. 2017 | DI3: skut. 2017 ke skut. 2016 | DK3: PROSTŘEDKY NA PLATY A OPPP v Kč | DL3: z toho : | DN3: POČET ZAMĚSTANCŮ | DO3: Ø měsíční plat v Kč | DP3: Pořadí Ø měsíčního platu | DQ3: schv. 2018 ke schv. 2017 | DR3: PROSTŘEDKY NA PLATY A OPPP v Kč | DS3: z toho : | DU3: POČET ZAMĚSTANCŮ | DV3: Ø měsíční plat v Kč | DW3: Pořadí Ø měsíčního platu | DX3: PROSTŘEDKY NA PLATY A OPPP v Kč | DY3: z toho : | EA3: POČET ZAMĚSTANCŮ | EB3: Ø měsíční plat v Kč | EC3: Pořadí Ø měsíčního platu | ED3: skut. 2018 k uprav. rozp. 2018 | EE3: skut. 2018 ke skut. 2017 | EG3: PROSTŘEDKY NA PLATY A OPPP v Kč | EH3: z toho : | EJ3: POČET ZAMĚSTANCŮ | EK3: Ø měsíční plat v Kč | EL3: Pořadí Ø měsíčního platu | EM3: schv. 2019 ke schv. 2018 | EN3: PROSTŘEDKY NA PLATY A OPPP v Kč | EO3: z toho : | EQ3: POČET ZAMĚSTANCŮ | ER3: Ø měsíční plat v Kč | ES3: Pořadí Ø měsíčního platu | ET3: PROSTŘEDKY NA PLATY A OPPP v Kč | EU3: z toho : | EW3: POČET ZAMĚSTANCŮ | EX3: Ø měsíční plat v Kč | EY3: Pořadí Ø měsíčního platu | EZ3: skut. 2019 k uprav. rozp. 2019 | FA3: skut. 2019 ke skut. 2018 | FC3: PROSTŘEDKY NA PLATY A OPPP v Kč | FD3: z toho : | FF3: POČET ZAMĚSTANCŮ | FG3: Ø měsíční plat v Kč | FH3: Pořadí Ø měsíčního platu | FI3: schv. 2020 ke schv. 2019 | FJ3: PROSTŘEDKY NA PLATY A OPPP v Kč | FK3: z toho : | FM3: POČET ZAMĚSTANCŮ | FN3: Ø měsíční plat v Kč | FO3: Pořadí Ø měsíčního platu | FP3: PROSTŘEDKY NA PLATY A OPPP v Kč | FQ3: z toho : | FS3: POČET ZAMĚSTANCŮ | FT3: Ø měsíční plat v Kč | FU3: Pořadí Ø měsíčního platu | FV3: skut. 2020 k uprav. rozp. 2020 | FW3: skut. 2020 ke skut. 2019 | FY3: PROSTŘEDKY NA PLATY A OPPP v Kč | FZ3: z toho : | GB3: POČET ZAMĚSTANCŮ | GC3: Ø měsíční plat v Kč | GD3: Pořadí Ø měsíčního platu | GE3: schv. 2017 ke schv. 2016 | GF3: PROSTŘEDKY NA PLATY A OPPP v Kč | GG3: z toho : | GI3: POČET ZAMĚSTANCŮ | GJ3: Ø měsíční plat v Kč | GK3: Pořadí Ø měsíčního platu | GL3: PROSTŘEDKY NA PLATY A OPPP v Kč | GM3: z toho : | GO3: POČET ZAMĚSTANCŮ | GP3: Ø měsíční plat v Kč | GQ3: Pořadí Ø měsíčního platu | GR3: skut. 2017 k uprav. rozp. 2017 | GS3: skut. 2017 ke skut. 2016 | GU3: PROSTŘEDKY NA PLATY A OPPP v Kč | GV3: z toho : | GX3: POČET ZAMĚSTANCŮ | GY3: Ø měsíční plat v Kč | GZ3: Pořadí Ø měsíčního platu | HA3: schv. 2017 ke schv. 2016 | HB3: PROSTŘEDKY NA PLATY A OPPP v Kč | HC3: z toho : | HE3: POČET ZAMĚSTANCŮ | HF3: Ø měsíční plat v Kč | HG3: Pořadí Ø měsíčního platu | HH3: PROSTŘEDKY NA PLATY A OPPP v Kč | HI3: z toho : | HK3: POČET ZAMĚSTANCŮ | HL3: Ø měsíční plat v Kč | HM3: Pořadí Ø měsíčního platu | HN3: skut. 2017 k uprav. rozp. 2017 | HO3: skut. 2017 ke skut. 2016
C4: kapitola | F4: OPPP v Kč | G4: PROSTŘEDKY NA PLATY | M4: OPPP v Kč | N4: PROSTŘEDKY NA PLATY | S4: OPPP v Kč | T4: PROSTŘEDKY NA PLATY | AB4: OPPP v Kč | AC4: PROSTŘEDKY NA PLATY | AI4: OPPP v Kč | AJ4: PROSTŘEDKY NA PLATY | AO4: OPPP v Kč | AP4: PROSTŘEDKY NA PLATY | AX4: OPPP v Kč | AY4: PROSTŘEDKY NA PLATY | BE4: OPPP v Kč | BF4: PROSTŘEDKY NA PLATY | BK4: OPPP v Kč | BL4: PROSTŘEDKY NA PLATY | BT4: OPPP v Kč | BU4: PROSTŘEDKY NA PLATY | CA4: OPPP v Kč | CB4: PROSTŘEDKY NA PLATY | CG4: OPPP v Kč | CH4: PROSTŘEDKY NA PLATY | CP4: OPPP v Kč | CQ4: PROSTŘEDKY NA PLATY | CW4: OPPP v Kč | CX4: PROSTŘEDKY NA PLATY | DC4: OPPP v Kč | DD4: PROSTŘEDKY NA PLATY | DL4: OPPP v Kč | DM4: PROSTŘEDKY NA PLATY | DS4: OPPP v Kč | DT4: PROSTŘEDKY NA PLATY | DY4: OPPP v Kč | DZ4: PROSTŘEDKY NA PLATY | EH4: OPPP v Kč | EI4: PROSTŘEDKY NA PLATY | EO4: OPPP v Kč | EP4: PROSTŘEDKY NA PLATY | EU4: OPPP v Kč | EV4: PROSTŘEDKY NA PLATY | FD4: OPPP v Kč | FE4: PROSTŘEDKY NA PLATY | FK4: OPPP v Kč | FL4: PROSTŘEDKY NA PLATY | FQ4: OPPP v Kč | FR4: PROSTŘEDKY NA PLATY | FZ4: OPPP v Kč | GA4: PROSTŘEDKY NA PLATY | GG4: OPPP v Kč | GH4: PROSTŘEDKY NA PLATY | GM4: OPPP v Kč | GN4: PROSTŘEDKY NA PLATY | GV4: OPPP v Kč | GW4: PROSTŘEDKY NA PLATY | HC4: OPPP v Kč | HD4: PROSTŘEDKY NA PLATY | HI4: OPPP v Kč | HJ4: PROSTŘEDKY NA PLATY
A6: 301 | B6: KPR | C6: Kancelář prezidenta | E6: 54046000 | F6: 4605000 | G6: 49441000 | H6: 114 | I6: 36141 | J6: 8 | K6: 100 | L6: 54046000 | M6: 4605000 | N6: 49441000 | O6: 114 | P6: 36141 | Q6: 8 | R6: 59985674 | S6: 6948674 | T6: 53037000 | U6: 90 | V6: 49108 | W6: 1 | X6: 135.87892 | Y6: 103.69745 | AA6: 55082200 | AB6: 4652380 | AC6: 50429820 | AD6: 114 | AE6: 36864 | AF6: 8 | AG6: 102.0005 | AH6: 55376374 | AI6: 4652380 | AJ6: 50723994 | AK6: 114 | AL6: 37079 | AM6: 8 | AN6: 60862084 | AO6: 5289726 | AP6: 55572358 | AQ6: 96 | AR6: 48240 | AS6: 1 | AT6: 130.1006 | AU6: 98.232467 | AW6: 57774654 | AX6: 4796867 | AY6: 52977787 | AZ6: 110 | BA6: 40135 | BB6: 8 | BC6: 108.87316 | BD6: 58039543 | BE6: 4796867 | BF6: 53242676 | BG6: 110 | BH6: 40335 | BI6: 8 | BJ6: 63837196 | BK6: 5484393 | BL6: 58352803 | BM6: 101 | BN6: 48146 | BO6: 1 | BP6: 119.36532 | BQ6: 99.805141 | BS6: 59808542 | BT6: 5241421 | BU6: 54567121 | BV6: 110 | BW6: 41339 | BX6: 9 | BY6: 102.99988 | BZ6: 60263268 | CA6: 5241421 | CB6: 55021847 | CC6: 110 | CD6: 41683 | CE6: 7 | CF6: 65718796 | CG6: 5245205 | CH6: 60473591 | CI6: 101 | CJ6: 49896 | CK6: 1 | CL6: 119.70348 | CM6: 103.63478 | CO6: 62745698 | CP6: 5450221 | CQ6: 57295477 | CR6: 110 | CS6: 43406 | CT6: 7 | CU6: 105.00012 | CV6: 63605130 | CW6: 5450221 | CX6: 58154909 | CY6: 110 | CZ6: 44057 | DA6: 8 | DB6: 67191916 | DC6: 5266282 | DD6: 61925634 | DE6: 101 | DF6: 51094 | DG6: 5 | DH6: 115.97249 | DI6: 102.40099 | DK6: 68099091 | DL6: 5647021 | DM6: 62452070 | DN6: 110 | DO6: 47312 | DP6: 9 | DQ6: 108.99876 | DR6: 68099091 | DS6: 5647021 | DT6: 62452070 | DU6: 110 | DV6: 47312 | DW6: 10 | DX6: 67058487 | DY6: 4282805 | DZ6: 62775682 | EA6: 99.65 | EB6: 52497 | EC6: 6 | ED6: 110.95916 | EE6: 102.74592 | EG6: 72767815 | EH6: 5908621 | EI6: 66859194 | EJ6: 110 | EK6: 50651 | EL6: 6 | EM6: 107.05741 | EN6: 72767815 | EO6: 5908621 | EP6: 66859194 | EQ6: 110 | ER6: 50651 | ES6: 8 | ET6: 72439019 | EU6: 5128890 | EV6: 67310129 | EW6: 100.34 | EX6: 55902 | EY6: 4 | EZ6: 110.36702 | FA6: 106.48608 | FC6: 75086215 | FD6: 6247021 | FE6: 68839194 | FF6: 110 | FG6: 52151 | FH6: 11 | FI6: 102.96144 | FJ6: 75086215 | FK6: 6247021 | FL6: 68839194 | FM6: 110 | FN6: 52151 | FO6: 10 | FP6: 74888919 | FQ6: 5721591 | FR6: 69167328 | FS6: 99.46 | FT6: 57952 | FU6: 4 | FV6: 111.12347 | FW6: 103.66713 | FY6: 118484304 | FZ6: 6709021 | GA6: 111775283 | GB6: 162 | GC6: 57498 | GD6: =RANK(GC6,GC$6:GC$49,0) -> 4 | GF6: 118484304 | GG6: 6709021 | GH6: 111775283 | GI6: 162 | GJ6: 57498 | GK6: =RANK(GJ6,GJ$6:GJ$49,0) -> 5 | GL6: 117677550 | GM6: 5799886 | GN6: 111877664 | GO6: 147.33 | GP6: 63281 | GQ6: =RANK(GP6,GP$6:GP$49,0) -> 5 | GR6: 115.97249 | GS6: 102.40099 | GU6: 124634668 | GV6: 7270621 | GW6: 117364047 | GX6: 162 | GY6: 60372 | GZ6: =RANK(GY6,GY$6:GY$49,0) -> 5 | HB6: 124634668 | HC6: 7270621 | HD6: 117364047 | HE6: 162 | HF6: 60372 | HG6: =RANK(HF6,HF$6:HF$49,0) -> 5 | HH6: 128324691 | HI6: 6371429 | HJ6: 121953262 | HK6: 151.86 | HL6: 66922 | HM6: =RANK(HL6,HL$6:HL$49,0) -> 6
A7: 302 | B7: Kparl | C7: Parlament | E7: 335421000 | F7: 178759000 | G7: 156662000 | H7: 362 | I7: 36064 | J7: 9 | K7: 100 | L7: 335421000 | M7: 178759000 | N7: 156662000 | O7: 362 | P7: 36064 | Q7: 9 | R7: 345572102 | S7: 176918026 | T7: 168654076 | U7: 345 | V7: 40738 | W7: 8 | X7: 112.96029 | Y7: 107.97244 | AA7: 338684160 | AB7: 178888920 | AC7: 159795240 | AD7: 362 | AE7: 36785 | AF7: 9 | AG7: 101.99922 | AH7: 339616299 | AI7: 178888920 | AJ7: 160727379 | AK7: 362 | AL7: 37000 | AM7: 9 | AN7: 338896154 | AO7: 160172646 | AP7: 178723508 | AQ7: 353 | AR7: 42192 | AS7: 6 | AT7: 114.03243 | AU7: 103.56915 | AW7: 347887868 | AX7: 180946394 | AY7: 166941474 | AZ7: 360 | BA7: 38644 | BB7: 10 | BC7: 105.05369 | BD7: 360622575 | BE7: 192846394 | BF7: 167776181 | BG7: 360 | BH7: 38837 | BI7: 10 | BJ7: 368431657 | BK7: 177659487 | BL7: 190772170 | BM7: 354 | BN7: 44909 | BO7: 4 | BP7: 115.63458 | BQ7: 106.43961 | BS7: 379040833 | BT7: 207091115 | BU7: 171949718 | BV7: 360 | BW7: 39803 | BX7: 10 | BY7: 102.99917 | BZ7: 380473747 | CA7: 207091115 | CB7: 173382632 | CC7: 360 | CD7: 40135 | CE7: 10 | CF7: 380265838 | CG7: 191702295 | CH7: 188563543 | CI7: 355 | CJ7: 44264 | CK7: 6 | CL7: 110.28778 | CM7: 98.563762 | CO7: 407613030 | CP7: 227065826 | CQ7: 180547204 | CR7: 360 | CS7: 41793 | CT7: 12 | CU7: 104.99962 | CV7: 410321238 | CW7: 227065826 | CX7: 183255412 | CY7: 360 | CZ7: 42420 | DA7: 13 | DB7: 403012156 | DC7: 204242119 | DD7: 198770037 | DE7: 353 | DF7: 46924 | DG7: 10 | DH7: 110.61763 | DI7: 106.0094 | DK7: 487422689 | DL7: 290626237 | DM7: 196796452 | DN7: 360 | DO7: 45555 | DP7: 13 | DQ7: 109.00151 | DR7: 487422689 | DS7: 290626237 | DT7: 196796452 | DU7: 360 | DV7: 45555 | DW7: 15 | DX7: 495413607 | DY7: 276653678 | DZ7: 218759929 | EA7: 355.87 | EB7: 51227 | EC7: 10 | ED7: 112.45088 | EE7: 109.17015 | EG7: 468978598 | EH7: 258214359 | EI7: 210764239 | EJ7: 360 | EK7: 48788 | EL7: 10 | EM7: 107.09692 | EN7: 468978598 | EO7: 258214359 | EP7: 210764239 | EQ7: 360 | ER7: 48788 | ES7: 12 | ET7: 470627168 | EU7: 246867207 | EV7: 223759961 | EW7: 353.6 | EX7: 52734 | EY7: 9 | EZ7: 108.08805 | FA7: 102.94181 | FC7: 501166798 | FD7: 283922559 | FE7: 217244239 | FF7: 360 | FG7: 50288 | FH7: 15 | FI7: 103.07453 | FJ7: 501166798 | FK7: 283922559 | FL7: 217244239 | FM7: 360 | FN7: 50288 | FO7: 13 | FP7: 488235422 | FQ7: 267835242 | FR7: 220400180 | FS7: 347.98 | FT7: 52781 | FU7: 15 | FV7: 104.95745 | FW7: 100.08913 | FY7: 552557633 | FZ7: 320950304 | GA7: 231607329 | GB7: 360 | GC7: 53613 | GD7: =RANK(GC7,GC$6:GC$49,0) -> 12 | GF7: 543589023 | GG7: 311981694 | GH7: 231607329 | GI7: 360 | GJ7: 53613 | GK7: =RANK(GJ7,GJ$6:GJ$49,0) -> 14 | GL7: 542209624 | GM7: 295407844 | GN7: 246801780 | GO7: 350.18 | GP7: 58732 | GQ7: =RANK(GP7,GP$6:GP$49,0) -> 10 | GR7: 110.61763 | GS7: 106.0094 | GU7: 608771243 | GV7: 365583548 | GW7: 243187695 | GX7: 360 | GY7: 56293 | GZ7: =RANK(GY7,GY$6:GY$49,0) -> 10 | HB7: 608771243 | HC7: 350583548 | HD7: 258187695 | HE7: 360 | HF7: 59766 | HG7: =RANK(HF7,HF$6:HF$49,0) -> 6 | HH7: 588409387 | HI7: 315948518 | HJ7: 272460869 | HK7: 353.85 | HL7: 64166 | HM7: =RANK(HL7,HL$6:HL$49,0) -> 10
A8: 303 | B8: Ksen | C8: Kancelář Senátu | E8: 158199000 | F8: 71500000 | G8: 86699000 | H8: 216 | I8: 33449 | J8: 15 | K8: 100 | L8: 158199000 | M8: 71500000 | N8: 86699000 | O8: 216 | P8: 33449 | Q8: 16 | R8: 159719480 | S8: 73105351 | T8: 86614129 | U8: 192 | V8: 37593 | W8: 13 | X8: 112.38901 | Y8: 101.4738 | AA8: 170562980 | AB8: 82130000 | AC8: 88432980 | AD8: 216 | AE8: 34118 | AF8: 16 | AG8: 102.00006 | AH8: 171078839 | AI8: 82130000 | AJ8: 88948839 | AK8: 216 | AL8: 34317 | AM8: 16 | AN8: 160779849 | AO8: 71850428 | AP8: 88929421 | AQ8: 190 | AR8: 39004 | AS8: 10 | AT8: 113.65795 | AU8: 103.75336 | AW8: 163918054 | AX8: 72307303 | AY8: 91610751 | AZ8: 213 | BA8: 35841 | BB8: 17 | BC8: 105.05012 | BD8: 164376108 | BE8: 72307303 | BF8: 92068805 | BG8: 213 | BH8: 36021 | BI8: 17 | BJ8: 171511858 | BK8: 79443929 | BL8: 92067929 | BM8: 191 | BN8: 40169 | BO8: 10 | BP8: 111.5155 | BQ8: 102.98687 | BS8: 188714596 | BT8: 94355522 | BU8: 94359074 | BV8: 213 | BW8: 36917 | BX8: 20 | BY8: 103.00215 | BZ8: 189500922 | CA8: 94355522 | CB8: 95145400 | CC8: 213 | CD8: 37224 | CE8: 19 | CF8: 177689439 | CG8: 82583917 | CH8: 95105522 | CI8: 191.44 | CJ8: 41399 | CK8: 14 | CL8: 111.21588 | CM8: 103.06206 | CO8: 187635350 | CP8: 88558322 | CQ8: 99077028 | CR8: 213 | CS8: 38763 | CT8: 21 | CU8: 105.00041 | CV8: 189121505 | CW8: 88558322 | CX8: 100563183 | CY8: 213 | CZ8: 39344 | DA8: 24 | DB8: 193838081 | DC8: 93286022 | DD8: 100552059 | DE8: 191 | DF8: 43871 | DG8: 19 | DH8: 111.5062 | DI8: 105.97116 | DK8: 214825783 | DL8: 106831822 | DM8: 107993961 | DN8: 213 | DO8: 42251 | DP8: 19 | DQ8: 108.99827 | DR8: 214825783 | DS8: 106831822 | DT8: 107993961 | DU8: 213 | DV8: 42251 | DW8: 21 | DX8: 204066509 | DY8: 96083414 | DZ8: 107983095 | EA8: 189.66 | EB8: 47446 | EC8: 19 | ED8: 112.29557 | EE8: 108.14889 | EG8: 218379921 | EH8: 102628322 | EI8: 115751599 | EJ8: 213 | EK8: 45286 | EL8: 17 | EM8: 107.18326 | EN8: 218379921 | EO8: 102628322 | EP8: 115751599 | EQ8: 213 | ER8: 45286 | ES8: 18 | ET8: 227176041 | EU8: 111434216 | EV8: 115741825 | EW8: 191.46 | EX8: 50377 | EY8: 18 | EZ8: 111.24188 | FA8: 106.17755 | FC8: 236171121 | FD8: 116585522 | FE8: 119585599 | FF8: 213 | FG8: 46786 | FH8: 20 | FI8: 103.31228 | FJ8: 236171121 | FK8: 116585522 | FL8: 119585599 | FM8: 213 | FN8: 46786 | FO8: 19 | FP8: 233975968 | FQ8: 114394310 | FR8: 119581658 | FS8: 189.39 | FT8: 52617 | FU8: 16 | FV8: 112.46313 | FW8: 104.44647 | FY8: 269729032 | FZ8: 147988022 | GA8: 121741010 | GB8: 203 | GC8: 49976 | GD8: =RANK(GC8,GC$6:GC$49,0) -> 23 | GF8: 269729032 | GG8: 147988022 | GH8: 121741010 | GI8: 203 | GJ8: 49976 | GK8: =RANK(GJ8,GJ$6:GJ$49,0) -> 24 | GL8: 257044581 | GM8: 129848776 | GN8: 127195805 | GO8: 192.12 | GP8: 55172 | GQ8: =RANK(GP8,GP$6:GP$49,0) -> 20 | GR8: 111.5062 | GS8: 105.97116 | GU8: 285727130 | GV8: 149499069 | GW8: 136228061 | GX8: 203 | GY8: 55923 | GZ8: =RANK(GY8,GY$6:GY$49,0) -> 14 | HB8: 285727130 | HC8: 149499069 | HD8: 136228061 | HE8: 203 | HF8: 55923 | HG8: =RANK(HF8,HF$6:HF$49,0) -> 18 | HH8: 288969406 | HI8: 148353620 | HJ8: 140615786 | HK8: 191.55 | HL8: 61175 | HM8: =RANK(HL8,HL$6:HL$49,0) -> 13
A9: 304 | B9: ÚV | C9: Úřad vlády | E9: 247595000 | F9: 36904000 | G9: 210691000 | H9: 534 | I9: 32879 | J9: 17 | K9: 101.13504 | L9: 264426961 | M9: 45146938 | N9: 219280023 | O9: 534 | P9: 34220 | Q9: 13 | R9: 258697756 | S9: 39539642 | T9: 219158114 | U9: 433 | V9: 42178 | W9: 4 | X9: 123.25541 | Y9: 103.41547 | AA9: 263583620 | AB9: 41780832 | AC9: 221802788 | AD9: 533 | AE9: 34678 | AF9: 14 | AG9: 105.47158 | AH9: 286126349 | AI9: 43753789 | AJ9: 242372560 | AK9: 572 | AL9: 35311 | AM9: 14 | AN9: 307139297 | AO9: 51799948 | AP9: 255339349 | AQ9: 528 | AR9: 40300 | AS9: 9 | AT9: 114.12874 | AU9: 95.547442 | AW9: 318762637 | AX9: 42382535 | AY9: 276380102 | AZ9: 576 | BA9: 39986 | BB9: 9 | BC9: 115.30653 | BD9: 328906443 | BE9: 46904370 | BF9: 282002073 | BG9: 585 | BH9: 40171 | BI9: 9 | BJ9: 331608710 | BK9: 45987896 | BL9: 285620814 | BM9: 555 | BN9: 42886 | BO9: 7 | BP9: 106.75861 | BQ9: 106.41687 | BS9: 404562528 | BT9: 60609197 | BU9: 343953331 | BV9: 692 | BW9: 41420 | BX9: 8 | BY9: 103.58626 | BZ9: 421338237 | CA9: 60173227 | CB9: 361165010 | CC9: 730 | CD9: 41229 | CE9: 8 | CF9: 394668136 | CG9: 69054585 | CH9: 325613551 | CI9: 621 | CJ9: 43695 | CK9: 7 | CL9: 105.98123 | CM9: 101.8864 | CO9: 474196605 | CP9: 76043353 | CQ9: 398153252 | CR9: 768.2 | CS9: 43191 | CT9: 8 | CU9: 104.27571 | CV9: 494377440 | CW9: 91255853 | CX9: 403121587 | CY9: 768.2 | CZ9: 43730 | DA9: 9 | DB9: 442127703 | DC9: 73998098 | DD9: 368129605 | DE9: 673 | DF9: 45583 | DG9: 17 | DH9: 104.23737 | DI9: 104.32086 | DK9: 482777759 | DL9: 76059898 | DM9: 406717861 | DN9: 764.45 | DO9: 44337 | DP9: 14 | DQ9: 102.65333 | DR9: 477870534 | DS9: 94118465 | DT9: 383752069 | DU9: 700 | DV9: 45685 | DW9: 14 | DX9: 426435335 | DY9: 65504509 | DZ9: 360930826 | EA9: 630.01 | EB9: 47741 | EC9: 18 | ED9: 104.50038 | EE9: 104.73422 | EG9: 454444961 | EH9: 68534439 | EI9: 385910522 | EJ9: 637 | EK9: 50485 | EL9: 7 | EM9: 113.86652 | EN9: 429110328 | EO9: 49126939 | EP9: 379983389 | EQ9: 629.83 | ER9: 50276 | ES9: 9 | ET9: 436227165 | EU9: 76852755 | EV9: 359374410 | EW9: 580.93 | EX9: 51552 | EY9: 13 | EZ9: 102.53799 | FA9: 107.98266 | FC9: 384824392 | FD9: 58535863 | FE9: 326288529 | FF9: 500.2 | FG9: 54360 | FH9: 5 | FI9: 107.67555 | FJ9: 325127517 | FK9: 58535863 | FL9: 266591654 | FM9: 510.2 | FN9: 43544 | FO9: 27 | FP9: 388629075 | FQ9: 61373361 | FR9: 327255714 | FS9: 490.08 | FT9: 55647 | FU9: 9 | FV9: 127.79487 | FW9: 107.94344 | FY9: 465704149 | FZ9: 75110024 | GA9: 390594125 | GB9: 589 | GC9: 55262 | GD9: =RANK(GC9,GC$6:GC$49,0) -> 8 | GF9: 517187881 | GG9: 85705212 | GH9: 431482669 | GI9: 583.79 | GJ9: 61592 | GK9: =RANK(GJ9,GJ$6:GJ$49,0) -> 4 | GL9: 512218563 | GM9: 92244335 | GN9: 419974228 | GO9: 549.44 | GP9: 63697 | GQ9: =RANK(GP9,GP$6:GP$49,0) -> 4 | GR9: 104.23737 | GS9: 104.32086 | GU9: 504163458 | GV9: 91738048 | GW9: 412425410 | GX9: 596.5 | GY9: 57617 | GZ9: =RANK(GY9,GY$6:GY$49,0) -> 9 | HB9: 507542726 | HC9: 89538748 | HD9: 418003978 | HE9: 584.25 | HF9: 59621 | HG9: =RANK(HF9,HF$6:HF$49,0) -> 7 | HH9: 518695257 | HI9: 79745871 | HJ9: 438949386 | HK9: 540.19 | HL9: 67715 | HM9: =RANK(HL9,HL$6:HL$49,0) -> 4
A10: 306 | B10: MZV | C10: Ministerstvo zahraničních věcí | E10: 640341000 | F10: 5231000 | G10: 635110000 | H10: 1772 | I10: 29868 | J10: 23 | K10: 100 | L10: 647644222 | M10: 8140451 | N10: 639503771 | O10: 1780 | P10: 29939 | Q10: 23 | R10: 655906399 | S10: 7020757 | T10: 648885642 | U10: 1721 | V10: 31420 | W10: 23 | X10: 104.94673 | Y10: 101.42682 | AA10: 674197303 | AB10: 6615620 | AC10: 667581683 | AD10: 1824 | AE10: 30500 | AF10: 23 | AG10: 102.11598 | AH10: 678399909 | AI10: 6615620 | AJ10: 671784289 | AK10: 1825 | AL10: 30675 | AM10: 23 | AN10: 677552857 | AO10: 6293325 | AP10: 671259532 | AQ10: 1748 | AR10: 32001 | AS10: 24 | AT10: 104.32274 | AU10: 101.84914 | AW10: 714580096 | AX10: 6898002 | AY10: 707682094 | AZ10: 1845 | BA10: 31964 | BB10: 23 | BC10: 104.8 | BD10: 722406568 | BE10: 6898002 | BF10: 715508566 | BG10: 1855 | BH10: 32143 | BI10: 23 | BJ10: 729716796 | BK10: 9788151 | BL10: 719928645 | BM10: 1778 | BN10: 33742 | BO10: 23 | BP10: 104.97464 | BQ10: 105.44045 | BS10: 760719268 | BT10: 7276958 | BU10: 753442310 | BV10: 1951 | BW10: 32182 | BX10: 25 | BY10: 100.68202 | BZ10: 771107283 | CA10: 7276958 | CB10: 763830325 | CC10: 1973 | CD10: 32262 | CE10: 27 | CF10: 768808680 | CG10: 6864995 | CH10: 761943685 | CI10: 1795 | CJ10: 35373 | CK10: 24 | CL10: 109.64292 | CM10: 104.83374 | CO10: 826811296 | CP10: 7395758 | CQ10: 819415538 | CR10: 2000 | CS10: 34142 | CT10: 25 | CU10: 106.09036 | CV10: 843625280 | CW10: 8495758 | CX10: 835129522 | CY10: 2004.83 | CZ10: 34713 | DA10: 30 | DB10: 8.3780593e+08 | DC10: 6438096.4 | DD10: 831367837 | DE10: 1818 | DF10: 38108 | DG10: 28 | DH10: 109.7802 | DI10: 107.73189 | DK10: 908282421 | DL10: 7508558 | DM10: 900773863 | DN10: 2020.5 | DO10: 37151 | DP10: 29 | DQ10: 108.81319 | DR10: 909986671 | DS10: 9108558 | DT10: 900878113 | DU10: 2026.17 | DV10: 37052 | DW10: 31 | DX10: 8.9418463e+08 | DY10: 6724311.8 | DZ10: 887460314 | EA10: 1807.47 | EB10: 40916 | EC10: 30 | ED10: 110.42859 | EE10: 107.36853 | EG10: 944305498 | EH10: 7846958 | EI10: 936458540 | EJ10: 2032.5 | EK10: 38395 | EL10: 33 | EM10: 103.3485 | EN10: 965543162 | EO10: 7846958 | EP10: 957696204 | EQ10: 2040 | ER10: 39122 | ES10: 29 | ET10: 963133811 | EU10: 10653624 | EV10: 952480187 | EW10: 1847.69 | EX10: 42958 | EY10: 30 | EZ10: 109.80522 | FA10: 104.99071 | FC10: 995622788 | FD10: 8172386 | FE10: 987450402 | FF10: 2048.58 | FG10: 40168 | FH10: 34 | FI10: 104.61779 | FJ10: 1015229954 | FK10: 8172386 | FL10: 1007057568 | FM10: 2072.57 | FN10: 40491 | FO10: 35 | FP10: 1017067313 | FQ10: 8815528 | FR10: 1008251785 | FS10: 1867.31 | FT10: 44996 | FU10: 31 | FV10: 111.12593 | FW10: 104.74417 | FY10: 1122206154 | FZ10: 8116958 | GA10: 1114089196 | GB10: 2062 | GC10: 45025 | GD10: =RANK(GC10,GC$6:GC$49,0) -> 32 | GF10: 1118200234 | GG10: 8116958 | GH10: 1110083276 | GI10: 2055.66 | GJ10: 45001 | GK10: =RANK(GJ10,GJ$6:GJ$49,0) -> 35 | GL10: 1105220054 | GM10: 8878190 | GN10: 1096341864 | GO10: 1865.28 | GP10: 48980 | GQ10: =RANK(GP10,GP$6:GP$49,0) -> 31 | GR10: 109.7802 | GS10: 107.73189 | GU10: 1171214258 | GV10: 8437358 | GW10: 1162776900 | GX10: 2052 | GY10: 47221 | GZ10: =RANK(GY10,GY$6:GY$49,0) -> 36 | HB10: 1167180539 | HC10: 10900854 | HD10: 1156279685 | HE10: 2051.75 | HF10: 46963 | HG10: =RANK(HF10,HF$6:HF$49,0) -> 36 | HH10: 1.1531265e+09 | HI10: 7978309.4 | HJ10: 1145148198 | HK10: 1872.15 | HL10: 50973 | HM10: =RANK(HL10,HL$6:HL$49,0) -> 36
A11: 307 | B11: MO | C11: Ministerstvo obrany | E11: 10227092000 | F11: 1038841000 | G11: 9188251000 | H11: 31734 | I11: 24128 | J11: 34 | K11: 100 | L11: 10437326921 | M11: 1419808963 | N11: 9017517958 | O11: 30960 | P11: 24272 | Q11: 34 | R11: 10428247209 | S11: 1473039251 | T11: 8955207958 | U11: 29817 | V11: 25028 | W11: 36 | X11: 103.1147 | Y11: 100.65149 | AA11: 10418018514 | AB11: 1039217000 | AC11: 9378801514 | AD11: 29290 | AE11: 26684 | AF11: 32 | AG11: 110.5935 | AH11: 10648875354 | AI11: 1381710110 | AJ11: 9267165244 | AK11: 28873 | AL11: 26747 | AM11: 33 | AN11: 10656817436 | AO11: 1377297742 | AP11: 9279519694 | AQ11: 28433 | AR11: 27197 | AS11: 35 | AT11: 101.68243 | AU11: 108.66629 | AW11: 10856582569 | AX11: 1090369391 | AY11: 9766213178 | AZ11: 29290 | BA11: 27786 | BB11: 34 | BC11: 104.12982 | BD11: 11140424642 | BE11: 1100374657 | BF11: 10040049985 | BG11: 29503 | BH11: 28359 | BI11: 34 | BJ11: 1.1137853e+10 | BK11: 1.0921154e+09 | BL11: 1.0045738e+10 | BM11: 28933 | BN11: 28934 | BO11: 35 | BP11: 102.02758 | BQ11: 106.38673 | BS11: 11924615531 | BT11: 759611900 | BU11: 11165003631 | BV11: 30552 | BW11: 30454 | BX11: 33 | BY11: 109.60196 | BZ11: 12375117353 | CA11: 946779420 | CB11: 11428337933 | CC11: 30757 | CD11: 30964 | CE11: 33 | CF11: 1.23813e+10 | CG11: 939873320 | CH11: 1.1441426e+10 | CI11: 30332 | CJ11: 31434 | CK11: 34 | CL11: 101.51789 | CM11: 108.64035 | CO11: 13460507641 | CP11: 831800807 | CQ11: 12628706834 | CR11: 32516 | CS11: 32365 | CT11: 33 | CU11: 106.27504 | CV11: 13361424815 | CW11: 939788179 | CX11: 12421636636 | CY11: 31462 | CZ11: 32901 | DA11: 36 | DB11: 1.3278346e+10 | DC11: 922155567 | DD11: 1.2356191e+10 | DE11: 30567 | DF11: 33686 | DG11: 37 | DH11: 102.38595 | DI11: 107.16422 | DK11: 15458894814 | DL11: 1157008259 | DM11: 14301886555 | DN11: 32557 | DO11: 36607 | DP11: 32 | DQ11: 113.10675 | DR11: 15469585459 | DS11: 1161690404 | DT11: 14307895055 | DU11: 32557 | DV11: 36623 | DW11: 33 | DX11: 1.5475964e+10 | DY11: 1.1087063e+09 | DZ11: 14367257512 | EA11: 31622.59 | EB11: 37861 | EC11: 37 | ED11: 103.38039 | EE11: 112.39387 | EG11: 17314001889 | EH11: 1767733171 | EI11: 15546268718 | EJ11: 33622 | EK11: 38532 | EL11: 31 | EM11: 105.25856 | EN11: 17324283786 | EO11: 1772130508 | EP11: 15552153278 | EQ11: 33622 | ER11: 38547 | ES11: 35 | ET11: 1.7241735e+10 | EU11: 1.7312578e+09 | EV11: 1.5510477e+10 | EW11: 32551.02 | EX11: 39708 | EY11: 38 | EZ11: 103.01191 | FA11: 104.87837 | FC11: 17917157923 | FD11: 1744137395 | FE11: 16173020528 | FF11: 34657 | FG11: 38888 | FH11: 38 | FI11: 100.92391 | FJ11: 17892879005 | FK11: 1682345032 | FL11: 16210533973 | FM11: 33830 | FN11: 39931 | FO11: 38 | FP11: 17743857921 | FQ11: 1549446622 | FR11: 16194411299 | FS11: 33483.48 | FT11: 40304 | FU11: 39 | FV11: 100.93411 | FW11: 101.50096 | FY11: 21492526025 | FZ11: 1470504849 | GA11: 20022021176 | GB11: 37619 | GC11: 44353 | GD11: =RANK(GC11,GC$6:GC$49,0) -> 34 | GF11: 21999777531 | GG11: 1555624788 | GH11: 20444152743 | GI11: 37619 | GJ11: 45288 | GK11: =RANK(GJ11,GJ$6:GJ$49,0) -> 34 | GL11: 2.1174916e+10 | GM11: 1.5060771e+09 | GN11: 19668838968 | GO11: 35466.42 | GP11: 46215 | GQ11: =RANK(GP11,GP$6:GP$49,0) -> 37 | GR11: 102.38595 | GS11: 107.16422 | GU11: 23518816507 | GV11: 1466187557 | GW11: 22052628950 | GX11: 38809 | GY11: 47353 | GZ11: =RANK(GY11,GY$6:GY$49,0) -> 35 | HB11: 22900575570 | HC11: 1470811707 | HD11: 21429763863 | HE11: 38809 | HF11: 46015 | HG11: =RANK(HF11,HF$6:HF$49,0) -> 38 | HH11: 2.2988024e+10 | HI11: 1.5062708e+09 | HJ11: 2.1481754e+10 | HK11: 36118.04 | HL11: 49564 | HM11: =RANK(HL11,HL$6:HL$49,0) -> 38
A12: 308 | B12: NBÚ | C12: Národní bezpečnostní úřad | E12: 130608000 | F12: 1812000 | G12: 128796000 | H12: 294 | I12: 36507 | J12: 6 | K12: 101.70214 | L12: 131788000 | M12: 1812000 | N12: 129976000 | O12: 296 | P12: 36592 | Q12: 6 | R12: 129440136 | S12: 1231226 | T12: 128208910 | U12: 279 | V12: 38294 | W12: 11 | X12: 104.65129 | Y12: 101.22386 | AA12: 143749898 | AB12: 1848240 | AC12: 141901658 | AD12: 310 | AE12: 38146 | AF12: 5 | AG12: 104.48955 | AH12: 144577658 | AI12: 1848240 | AJ12: 142729418 | AK12: 310 | AL12: 38368 | AM12: 5 | AN12: 142096196 | AO12: 1351736 | AP12: 140744460 | AQ12: 290 | AR12: 40444 | AS12: 8 | AT12: 105.41076 | AU12: 105.61446 | AW12: 155078393 | AX12: 1941622 | AY12: 153136771 | AZ12: 316 | BA12: 40384 | BB12: 7 | BC12: 105.86693 | BD12: 155844077 | BE12: 1941622 | BF12: 153902455 | BG12: 316 | BH12: 40586 | BI12: 7 | BJ12: 151481114 | BK12: 1562290 | BL12: 149918824 | BM12: 303 | BN12: 41232 | BO12: 9 | BP12: 101.59168 | BQ12: 101.94837 | BS12: 164916377 | BT12: 1999871 | BU12: 162916506 | BV12: 324 | BW12: 41902 | BX12: 6 | BY12: 103.75891 | BZ12: 166317228 | CA12: 1999871 | CB12: 164317357 | CC12: 333 | CD12: 41120 | CE12: 9 | CF12: 165647889 | CG12: 2521929 | CH12: 163125960 | CI12: 312 | CJ12: 43570 | CK12: 9 | CL12: 105.95817 | CM12: 105.67035 | CO12: 187547263 | CP12: 1999871 | CQ12: 185547392 | CR12: 352 | CS12: 43927 | CT12: 6 | CU12: 104.8327 | CV12: 164462070 | CW12: 1577407 | CX12: 162884663 | CY12: 330.91 | CZ12: 41019 | DA12: 18 | DB12: 167504390 | DC12: 1713309 | DD12: 165791081 | DE12: 295 | DF12: 46834 | DG12: 12 | DH12: 114.17636 | DI12: 107.49139 | DK12: 154889377 | DL12: 1420438 | DM12: 153468939 | DN12: 268 | DO12: 47720 | DP12: 8 | DQ12: 108.63478 | DR12: 154889377 | DS12: 1420438 | DT12: 153468939 | DU12: 268 | DV12: 47720 | DW12: 8 | DX12: 156122766 | DY12: 1295413 | DZ12: 154827353 | EA12: 249.67 | EB12: 51677 | EC12: 8 | ED12: 108.29212 | EE12: 110.34078 | EG12: 158091571 | EH12: 1420438 | EI12: 156671133 | EJ12: 268 | EK12: 48716 | EL12: 11 | EM12: 102.08718 | EN12: 161091571 | EO12: 2260438 | EP12: 158831133 | EQ12: 268 | ER12: 49388 | ES12: 10 | ET12: 160848569 | EU12: 3489188 | EV12: 157359381 | EW12: 254.44 | EX12: 51538 | EY12: 14 | EZ12: 104.35328 | FA12: 99.731022 | FC12: 166149005 | FD12: 1420438 | FE12: 164728567 | FF12: 262 | FG12: 52395 | FH12: 10 | FI12: 107.55193 | FJ12: 166149005 | FK12: 1420438 | FL12: 164728567 | FM12: 262 | FN12: 52395 | FO12: 9 | FP12: 161387122 | FQ12: 1260714 | FR12: 160126408 | FS12: 245.64 | FT12: 54323 | FU12: 11 | FV12: 103.67974 | FW12: 105.40378 | FY12: 169118073 | FZ12: 1420438 | GA12: 167697635 | GB12: 262 | GC12: 53339 | GD12: =RANK(GC12,GC$6:GC$49,0) -> 13 | GF12: 171118073 | GG12: 1420438 | GH12: 169697635 | GI12: 262 | GJ12: 53975 | GK12: =RANK(GJ12,GJ$6:GJ$49,0) -> 12 | GL12: 163305774 | GM12: 1287300 | GN12: 162018474 | GO12: 235.18 | GP12: 57409 | GQ12: =RANK(GP12,GP$6:GP$49,0) -> 13 | GR12: 114.17636 | GS12: 107.49139 | GU12: 177502955 | GV12: 1420438 | GW12: 176082517 | GX12: 262 | GY12: 56006 | GZ12: =RANK(GY12,GY$6:GY$49,0) -> 12 | HB12: 184411290 | HC12: 1420438 | HD12: 182990852 | HE12: 262 | HF12: 58203 | HG12: =RANK(HF12,HF$6:HF$49,0) -> 9 | HH12: 182091638 | HI12: 2626566 | HJ12: 179465072 | HK12: 232.85 | HL12: 64228 | HM12: =RANK(HL12,HL$6:HL$49,0) -> 9
A13: 309 | B13: KVOP | C13: kancelář veřejného ochránce práv | E13: 48080000 | F13: 5639000 | G13: 42441000 | H13: 113 | I13: 31299 | J13: 19 | K13: 100 | L13: 50334000 | M13: 5639000 | N13: 44695000 | O13: 118 | P13: 31564 | Q13: 20 | R13: 49843209 | S13: 5639000 | T13: 44204209 | U13: 115 | V13: 32032 | W13: 21 | X13: 101.4827 | Y13: 99.626773 | AA13: 50848480 | AB13: 5259580 | AC13: 45588900 | AD13: 119 | AE13: 31925 | AF13: 21 | AG13: 102.00006 | AH13: 53554365 | AI13: 5504580 | AJ13: 48049785 | AK13: 122 | AL13: 32821 | AM13: 20 | AN13: 54799701 | AO13: 5389557 | AP13: 49410144 | AQ13: 123 | AR13: 33476 | AS13: 22 | AT13: 101.99567 | AU13: 104.50799 | AW13: 59497817 | AX13: 5716395 | AY13: 53781422 | AZ13: 133 | BA13: 33698 | BB13: 22 | BC13: 105.55364 | BD13: 59261839 | BE13: 5708995 | BF13: 53552844 | BG13: 130 | BH13: 34329 | BI13: 22 | BJ13: 60995724 | BK13: 6049151 | BL13: 54946573 | BM13: 132 | BN13: 34688 | BO13: 21 | BP13: 101.04576 | BQ13: 103.6205 | BS13: 58603536 | BT13: 5953580 | BU13: 52649956 | BV13: 127 | BW13: 34547 | BX13: 22 | BY13: 102.51944 | BZ13: 59371636 | CA13: 6001680 | CB13: 53369956 | CC13: 128 | CD13: 34746 | CE13: 22 | CF13: 63676375 | CG13: 7061549 | CH13: 56614826 | CI13: 132 | CJ13: 35742 | CK13: 22 | CL13: 102.86652 | CM13: 103.03851 | CO13: 64761787 | CP13: 6257580 | CQ13: 58504207 | CR13: 133 | CS13: 36657 | CT13: 22 | CU13: 106.10762 | CV13: 67034870 | CW13: 6523032 | CX13: 60511838 | CY13: 136 | CZ13: 37078 | DA13: 25 | DB13: 68695406 | DC13: 7382214 | DD13: 61313192 | DE13: 137 | DF13: 37295 | DG13: 30 | DH13: 100.58525 | DI13: 104.34503 | DK13: 77344724 | DL13: 6689580 | DM13: 70655144 | DN13: 149.25 | DO13: 39450 | DP13: 26 | DQ13: 107.61928 | DR13: 81319400 | DS13: 6802980 | DT13: 74516420 | DU13: 156.25 | DV13: 39742 | DW13: 26 | DX13: 81675188 | DY13: 7332966 | DZ13: 74342222 | EA13: 157.39 | EB13: 39362 | EC13: 34 | ED13: 99.043833 | EE13: 105.5423 | EG13: 86112638 | EH13: 7003880 | EI13: 79108758 | EJ13: 155.67 | EK13: 42349 | EL13: 23 | EM13: 107.34854 | EN13: 93283838 | EO13: 8455080 | EP13: 84828758 | EQ13: 164.67 | ER13: 42929 | ES13: 23 | ET13: 89259665 | EU13: 9099342 | EV13: 80160323 | EW13: 156.24 | EX13: 42755 | EY13: 32 | EZ13: 99.59468 | FA13: 108.61999 | FC13: 88773338 | FD13: 7444580 | FE13: 81328758 | FF13: 154 | FG13: 44009 | FH13: 26 | FI13: 103.91981 | FJ13: 88773338 | FK13: 7444580 | FL13: 81328758 | FM13: 154 | FN13: 44009 | FO13: 26 | FP13: 96062386 | FQ13: 10248671 | FR13: 85813715 | FS13: 162.41 | FT13: 44031 | FU13: 32 | FV13: 100.04999 | FW13: 102.98445 | FY13: 91264225 | FZ13: 7993580 | GA13: 83270645 | GB13: 154 | GC13: 45060 | GD13: =RANK(GC13,GC$6:GC$49,0) -> 31 | GF13: 94264225 | GG13: 7993580 | GH13: 86270645 | GI13: 154 | GJ13: 46683 | GK13: =RANK(GJ13,GJ$6:GJ$49,0) -> 30 | GL13: 95891502 | GM13: 9088750 | GN13: 86802752 | GO13: 153.11 | GP13: 47244 | GQ13: =RANK(GP13,GP$6:GP$49,0) -> 36 | GR13: 100.58525 | GS13: 104.34503 | GU13: 107206357 | GV13: 12010580 | GW13: 95195777 | GX13: 154 | GY13: 51513 | GZ13: =RANK(GY13,GY$6:GY$49,0) -> 27 | HB13: 110204414 | HC13: 12010580 | HD13: 98193834 | HE13: 158.85 | HF13: 51513 | HG13: =RANK(HF13,HF$6:HF$49,0) -> 27 | HH13: 1.0715732e+08 | HI13: 9284877 | HJ13: 97872447 | HK13: 156.77 | HL13: 52025 | HM13: =RANK(HL13,HL$6:HL$49,0) -> 33
A14: 312 | B14: MF | C14: Ministerstvo financí | E14: 7821874000 | F14: 57913000 | G14: 7763961000 | H14: 24218 | I14: 26716 | J14: 28 | K14: 102.93596 | L14: 8044437273 | M14: 67876373 | N14: 7976560900 | O14: 24222 | P14: 27443 | Q14: 27 | R14: 7983989972 | S14: 41909093 | T14: 7942080879 | U14: 23347 | V14: 28348 | W14: 33 | X14: 103.29774 | Y14: 102.01893 | AA14: 8199608731 | AB14: 59013120 | AC14: 8140595611 | AD14: 24279 | AE14: 27941 | AF14: 28 | AG14: 104.58527 | AH14: 8275514578 | AI14: 59557495 | AJ14: 8215957083 | AK14: 24305 | AL14: 28170 | AM14: 30 | AN14: 8242061671 | AO14: 54195496 | AP14: 8187866175 | AQ14: 23478 | AR14: 29062 | AS14: 33 | AT14: 103.16649 | AU14: 102.5187 | AW14: 8828251329 | AX14: 58717384 | AY14: 8769533945 | AZ14: 24878 | BA14: 29375 | BB14: 31 | BC14: 105.13224 | BD14: 8921590706 | BE14: 63834652 | BF14: 8857756054 | BG14: 24873 | BH14: 29677 | BI14: 30 | BJ14: 8880924963 | BK14: 40644785 | BL14: 8840280178 | BM14: 23744 | BN14: 31026 | BO14: 30 | BP14: 104.54561 | BQ14: 106.75797 | BS14: 9932195024 | BT14: 65187653 | BU14: 9867007371 | BV14: 25516 | BW14: 32225 | BX14: 24 | BY14: 109.70213 | BZ14: 10013570402 | CA14: 65613387 | CB14: 9947957015 | CC14: 25517 | CD14: 32488 | CE14: 25 | CF14: 9730203585 | CG14: 36420621 | CH14: 9693782964 | CI14: 23767 | CJ14: 33989 | CK14: 27 | CL14: 104.62017 | CM14: 109.55005 | CO14: 11017621431 | CP14: 66733494 | CQ14: 10950887937 | CR14: 26120 | CS14: 34938 | CT14: 23 | CU14: 108.41893 | CV14: 11260189028 | CW14: 68287466 | CX14: 11191901562 | CY14: 26120 | CZ14: 35707 | DA14: 26 | DB14: 1.1200994e+10 | DC14: 36035922 | DD14: 1.1164958e+10 | DE14: 24076 | DF14: 38645 | DG14: 26 | DH14: 108.22808 | DI14: 113.69855 | DK14: 12088147819 | DL14: 51206397 | DM14: 12036941422 | DN14: 26174.67 | DO14: 38322 | DP14: 27 | DQ14: 109.68573 | DR14: 12090038535 | DS14: 53097113 | DT14: 12036941422 | DU14: 26182.67 | DV14: 38311 | DW14: 28 | DX14: 1.2071509e+10 | DY14: 31370344 | DZ14: 1.2040139e+10 | EA14: 24322.18 | EB14: 41252 | EC14: 28 | ED14: 107.67665 | EE14: 106.74602 | EG14: 12518046807 | EH14: 58233400 | EI14: 12459813407 | EJ14: 25831 | EK14: 40197 | EL14: 28 | EM14: 104.89275 | EN14: 12483733368 | EO14: 59354908 | EP14: 12424378460 | EQ14: 25833 | ER14: 40079 | ES14: 28 | ET14: 12432866640 | EU14: 37344943 | EV14: 12395521697 | EW14: 24142.03 | EX14: 42787 | EY14: 31 | EZ14: 106.75666 | FA14: 103.72103 | FC14: 12884107340 | FD14: 53941982 | FE14: 12830165358 | FF14: 24885 | FG14: 42965 | FH14: 28 | FI14: 106.88609 | FJ14: 12921837798 | FK14: 88625376 | FL14: 12833212422 | FM14: 24888.84 | FN14: 42968 | FO14: 29 | FP14: 1.2831916e+10 | FQ14: 102743197 | FR14: 1.2729173e+10 | FS14: 23560.11 | FT14: 45024 | FU14: 30 | FV14: 104.78496 | FW14: 105.22822 | FY14: 13038946442 | FZ14: 57330478 | GA14: 12981615964 | GB14: 23458 | GC14: 46117 | GD14: =RANK(GC14,GC$6:GC$49,0) -> 30 | GF14: 13049114063 | GG14: 58254903 | GH14: 12990859160 | GI14: 23456.87 | GJ14: 46152 | GK14: =RANK(GJ14,GJ$6:GJ$49,0) -> 32 | GL14: 1.273951e+10 | GM14: 76307371 | GN14: 1.2663203e+10 | GO14: 21604.61 | GP14: 48845 | GQ14: =RANK(GP14,GP$6:GP$49,0) -> 32 | GR14: 108.22808 | GS14: 113.69855 | GU14: 13698338262 | GV14: 57080922 | GW14: 13641257340 | GX14: 23308.667 | GY14: 48770 | GZ14: =RANK(GY14,GY$6:GY$49,0) -> 34 | HB14: 13312889256 | HC14: 61477124 | HD14: 13251412132 | HE14: 23323 | HF14: 47347 | HG14: =RANK(HF14,HF$6:HF$49,0) -> 35 | HH14: 1.3228378e+10 | HI14: 47861289 | HJ14: 1.3180517e+10 | HK14: 21323.57 | HL14: 51510 | HM14: =RANK(HL14,HL$6:HL$49,0) -> 34
A15: 313 | B15: MPSV | C15: Ministerstvo práce a sociálních věcí | E15: 5356374000 | F15: 94174000 | G15: 5262200000 | H15: 19529 | I15: 22455 | J15: 37 | K15: 100.30823 | L15: 5432101528 | M15: 46376200 | N15: 5385725328 | O15: 19780 | P15: 22690 | Q15: 37 | R15: 5521830108 | S15: 52245131 | T15: 5469584977 | U15: 19823 | V15: 22993 | W15: 38 | X15: 101.33539 | Y15: 101.01485 | AA15: 5715243421 | AB15: 85589442 | AC15: 5629653979 | AD15: 20255 | AE15: 23162 | AF15: 37 | AG15: 103.14852 | AH15: 5844836246 | AI15: 84052203 | AJ15: 5760784043 | AK15: 20253 | AL15: 23703 | AM15: 37 | AN15: 6145518966 | AO15: 64167587 | AP15: 6081351379 | AQ15: 21123 | AR15: 23992 | AS15: 37 | AT15: 101.21925 | AU15: 104.3448 | AW15: 6224320350 | AX15: 47258894 | AY15: 6177061456 | AZ15: 20854 | BA15: 24684 | BB15: 36 | BC15: 106.57111 | BD15: 6263083158 | BE15: 47586894 | BF15: 6215496264 | BG15: 21077 | BH15: 24575 | BI15: 36 | BJ15: 6.5426523e+09 | BK15: 61530538 | BL15: 6.4811218e+09 | BM15: 21715 | BN15: 24872 | BO15: 38 | BP15: 101.20855 | BQ15: 103.66789 | BS15: 6722008806 | BT15: 51376141 | BU15: 6670632665 | BV15: 22324 | BW15: 24901 | BX15: 38 | BY15: 100.87911 | BZ15: 7173544117 | CA15: 94714139 | CB15: 7078829978 | CC15: 22493 | CD15: 26226 | CE15: 36 | CF15: 6.8244821e+09 | CG15: 89553703 | CH15: 6.7349284e+09 | CI15: 21212 | CJ15: 26459 | CK15: 38 | CL15: 100.88843 | CM15: 106.38067 | CO15: 7622263432 | CP15: 51259401 | CQ15: 7571004031 | CR15: 23069.77 | CS15: 27348 | CT15: 36 | CU15: 109.82691 | CV15: 7723858913 | CW15: 130121991 | CX15: 7593736922 | CY15: 23069.77 | CZ15: 27430 | DA15: 40 | DB15: 7.5158481e+09 | DC15: 100490514 | DD15: 7.4153575e+09 | DE15: 21734 | DF15: 28432 | DG15: 41 | DH15: 103.65293 | DI15: 107.45682 | DK15: 8204978271 | DL15: 76925381 | DM15: 8128052890 | DN15: 23493.75 | DO15: 28831 | DP15: 41 | DQ15: 105.4227 | DR15: 8208239947 | DS15: 84230985 | DT15: 8124008962 | DU15: 23502 | DV15: 28806 | DW15: 42 | DX15: 8.2893113e+09 | DY15: 98377914 | DZ15: 8.1909334e+09 | EA15: 22294.93 | EB15: 30616 | EC15: 42 | ED15: 106.28341 | EE15: 107.68149 | EG15: 8683757411 | EH15: 81747674 | EI15: 8602009737 | EJ15: 23369.43 | EK15: 30674 | EL15: 42 | EM15: 106.39242 | EN15: 8793658066 | EO15: 142020102 | EP15: 8651637964 | EQ15: 23389.5 | ER15: 30825 | ES15: 42 | ET15: 8.8490136e+09 | EU15: 162265294 | EV15: 8.6867483e+09 | EW15: 22305.13 | EX15: 32454 | EY15: 43 | EZ15: 105.28467 | FA15: 106.0034 | FC15: 9137895098 | FD15: 62356133 | FE15: 9075538965 | FF15: 22730.15 | FG15: 33273 | FH15: 42 | FI15: 108.47297 | FJ15: 9186252519 | FK15: 64356133 | FL15: 9121896386 | FM15: 22745.54 | FN15: 33420 | FO15: 43 | FP15: 9.1633215e+09 | FQ15: 93666081 | FR15: 9.0696554e+09 | FS15: 21918.35 | FT15: 34483 | FU15: 43 | FV15: 103.18073 | FW15: 106.25193 | FY15: 9021184746 | FZ15: 52206922 | GA15: 8968977824 | GB15: 21894.55 | GC15: 34137 | GD15: =RANK(GC15,GC$6:GC$49,0) -> 44 | GF15: 10375102163 | GG15: 250936662 | GH15: 10124165501 | GI15: 21064.25 | GJ15: 40053 | GK15: =RANK(GJ15,GJ$6:GJ$49,0) -> 41 | GL15: 10336567554 | GM15: 236840086 | GN15: 10099727468 | GO15: 20130.5 | GP15: 41809 | GQ15: =RANK(GP15,GP$6:GP$49,0) -> 41 | GR15: 103.65293 | GS15: 107.45682 | GU15: 9749782756 | GV15: 101070275 | GW15: 9648712481 | GX15: 21277 | GY15: 37790 | GZ15: =RANK(GY15,GY$6:GY$49,0) -> 43 | HB15: 10644640808 | HC15: 119103005 | HD15: 10525537803 | HE15: 21085.32 | HF15: 41599 | HG15: =RANK(HF15,HF$6:HF$49,0) -> 42 | HH15: 1.0492995e+10 | HI15: 118661353 | HJ15: 1.0374334e+10 | HK15: 19703.81 | HL15: 43876 | HM15: =RANK(HL15,HL$6:HL$49,0) -> 42
A16: 314 | B16: MV | C16: Ministerstvo vnitra | E16: 22120690000 | F16: 291065000 | G16: 21829625000 | H16: 64542 | I16: 28185 | J16: 24 | K16: 102.21586 | L16: 22470373740 | M16: 461979089 | N16: 22008394651 | O16: 64763 | P16: 28319 | Q16: 24 | R16: 22751698383 | S16: 442779607 | T16: 22308918776 | U16: 62427 | V16: 29780 | W16: 28 | X16: 105.15908 | Y16: 101.42706 | AA16: 23211143927 | AB16: 289143523 | AC16: 22922000404 | AD16: 65802 | AE16: 29029 | AF16: 24 | AG16: 102.9945 | AH16: 23502605580 | AI16: 307382852 | AJ16: 23195222728 | AK16: 66024 | AL16: 29276 | AM16: 25 | AN16: 23609533430 | AO16: 288887149 | AP16: 23320646281 | AQ16: 63443 | AR16: 30632 | AS16: 26 | AT16: 104.63178 | AU16: 102.86098 | AW16: 24439835544 | AX16: 282229416 | AY16: 24157606128 | AZ16: 65152 | BA16: 30899 | BB16: 25 | BC16: 106.44183 | BD16: 24977263016 | BE16: 304438515 | BF16: 24672824501 | BG16: 65891 | BH16: 31204 | BI16: 24 | BJ16: 2.5162452e+10 | BK16: 3.1187122e+08 | BL16: 2.485058e+10 | BM16: 64344 | BN16: 32185 | BO16: 26 | BP16: 103.14383 | BQ16: 105.06986 | BS16: 26286013294 | BT16: 288010377 | BU16: 25998002917 | BV16: 67637 | BW16: 32031 | BX16: 26 | BY16: 103.66355 | BZ16: 26634465518 | CA16: 309988346 | CB16: 26324477172 | CC16: 67901 | CD16: 32307 | CE16: 26 | CF16: 2.6547158e+10 | CG16: 2.9166262e+08 | CH16: 2.6255496e+10 | CI16: 65050 | CJ16: 33635 | CK16: 29 | CL16: 104.11056 | CM16: 104.5052 | CO16: 27710930611 | CP16: 311829988 | CQ16: 27399100623 | CR16: 67804.56 | CS16: 33674 | CT16: 27 | CU16: 105.12941 | CV16: 29178916196 | CW16: 328664410 | CX16: 28850251786 | CY16: 68104.05 | CZ16: 35302 | DA16: 27 | DB16: 2.909955e+10 | DC16: 3.0102197e+08 | DD16: 2.8798528e+10 | DE16: 65271 | DF16: 36768 | DG16: 31 | DH16: 104.15274 | DI16: 109.3147 | DK16: 32695522633 | DL16: 309588132 | DM16: 32385934501 | DN16: 68389.01 | DO16: 39463 | DP16: 25 | DQ16: 117.1913 | DR16: 32761301493 | DS16: 329803107 | DT16: 32431498386 | DU16: 68627 | DV16: 39381 | DW16: 27 | DX16: 3.281802e+10 | DY16: 3.0914608e+08 | DZ16: 3.2508874e+10 | EA16: 65761.03 | EB16: 41196 | EC16: 29 | ED16: 104.60882 | EE16: 112.04308 | EG16: 34646773704 | EH16: 307116040 | EI16: 34339657664 | EJ16: 68523.88 | EK16: 41761 | EL16: 25 | EM16: 105.82318 | EN16: 35134226046 | EO16: 322333021 | EP16: 34811893025 | EQ16: 69820.21 | ER16: 41549 | ES16: 27 | ET16: 3.5226142e+10 | EU16: 3.1995489e+08 | EV16: 3.4906187e+10 | EW16: 66155.19 | EX16: 43970 | EY16: 27 | EZ16: 105.82686 | FA16: 106.73366 | FC16: 36162703619 | FD16: 303066725 | FE16: 35859636894 | FF16: 69712.22 | FG16: 42866 | FH16: 29 | FI16: 102.64601 | FJ16: 37402069793 | FK16: 322496158 | FL16: 37079573635 | FM16: 70112.05 | FN16: 44072 | FO16: 25 | FP16: 3.7283418e+10 | FQ16: 3.0584493e+08 | FR16: 3.6977573e+10 | FS16: 66079.33 | FT16: 46633 | FU16: 28 | FV16: 105.81095 | FW16: 106.0564 | FY16: 41045927465 | FZ16: 369585849 | GA16: 40676341616 | GB16: 72901.21 | GC16: 46497 | GD16: =RANK(GC16,GC$6:GC$49,0) -> 28 | GF16: 41698318023 | GG16: 587123391 | GH16: 41111194632 | GI16: 73180.57 | GJ16: 46815 | GK16: =RANK(GJ16,GJ$6:GJ$49,0) -> 28 | GL16: 4.1771544e+10 | GM16: 6.1876772e+08 | GN16: 4.1152776e+10 | GO16: 66191.39 | GP16: 51810 | GQ16: =RANK(GP16,GP$6:GP$49,0) -> 26 | GR16: 104.15274 | GS16: 109.3147 | GU16: 44141148721 | GV16: 461607280 | GW16: 43679541441 | GX16: 73134.26 | GY16: 49771 | GZ16: =RANK(GY16,GY$6:GY$49,0) -> 30 | HB16: 44971697361 | HC16: 581299151 | HD16: 44390398210 | HE16: 73138.14 | HF16: 50578 | HG16: =RANK(HF16,HF$6:HF$49,0) -> 30 | HH16: 4.4942872e+10 | HI16: 6.6704799e+08 | HJ16: 4.4275824e+10 | HK16: 66338.19 | HL16: 55619 | HM16: =RANK(HL16,HL$6:HL$49,0) -> 25
A17: 315 | B17: MŽP | C17: Ministerstvo životního prostředí | E17: 589397000 | F17: 10584000 | G17: 578813000 | H17: 1789 | I17: 26962 | J17: 27 | K17: 102.46646 | L17: 594576978 | M17: 10789000 | N17: 583787978 | O17: 1797 | P17: 27072 | Q17: 29 | R17: 612947489 | S17: 15589405 | T17: 597358084 | U17: 1663 | V17: 29934 | W17: 27 | X17: 110.57181 | Y17: 100.21091 | AA17: 622141221 | AB17: 8315444 | AC17: 613825777 | AD17: 1808 | AE17: 28292 | AF17: 26 | AG17: 104.93287 | AH17: 630318192 | AI17: 8315444 | AJ17: 622002748 | AK17: 1836 | AL17: 28232 | AM17: 28 | AN17: 640613297 | AO17: 15837606 | AP17: 624775691 | AQ17: 1708 | AR17: 30483 | AS17: 27 | AT17: 107.97322 | AU17: 101.83403 | AW17: 648170721 | AX17: 9234027 | AY17: 638936694 | AZ17: 1744 | BA17: 30530 | BB17: 26 | BC17: 107.91036 | BD17: 669461270 | BE17: 22092502 | BF17: 647368768 | BG17: 1765 | BH17: 30565 | BI17: 26 | BJ17: 677434471 | BK17: 21310146 | BL17: 656124325 | BM17: 1725 | BN17: 31697 | BO17: 29 | BP17: 103.70358 | BQ17: 103.98255 | BS17: 720624899 | BT17: 9648152 | BU17: 710976747 | BV17: 1812 | BW17: 32698 | BX17: 23 | BY17: 107.10121 | BZ17: 748739254 | CA17: 10873611 | CB17: 737865643 | CC17: 1836 | CD17: 33491 | CE17: 23 | CF17: 702553334 | CG17: 15668952 | CH17: 686884382 | CI17: 1698 | CJ17: 33710 | CK17: 28 | CL17: 100.65391 | CM17: 106.35076 | CO17: 782751388 | CP17: 14389242 | CQ17: 768362146 | CR17: 1842.83 | CS17: 34746 | CT17: 24 | CU17: 106.26338 | CV17: 819509098 | CW17: 37793667 | CX17: 781715431 | CY17: 1845.42 | CZ17: 35300 | DA17: 28 | DB17: 765213881 | DC17: 14917962 | DD17: 750295919 | DE17: 1714 | DF17: 36479 | DG17: 33 | DH17: 103.33994 | DI17: 108.21418 | DK17: 821043202 | DL17: 17890460 | DM17: 803152742 | DN17: 1807.97 | DO17: 37019 | DP17: 30 | DQ17: 106.54176 | DR17: 841155467 | DS17: 18650353 | DT17: 822505114 | DU17: 1849 | DV17: 37070 | DW17: 30 | DX17: 838752046 | DY17: 35067132 | DZ17: 803684914 | EA17: 1707.93 | EB17: 39213 | EC17: 35 | ED17: 105.78095 | EE17: 107.49472 | EG17: 915689567 | EH17: 42170929 | EI17: 873518638 | EJ17: 1907.1 | EK17: 38170 | EL17: 34 | EM17: 103.10921 | EN17: 924799444 | EO17: 42542609 | EP17: 882256835 | EQ17: 1884.08 | ER17: 39022 | ES17: 30 | ET17: 921442889 | EU17: 42999849 | EV17: 878443040 | EW17: 1736.51 | EX17: 42156 | EY17: 33 | EZ17: 108.03137 | FA17: 107.50516 | FC17: 939507314 | FD17: 47646390 | FE17: 891860924 | FF17: 1801.55 | FG17: 41254 | FH17: 32 | FI17: 108.07964 | FJ17: 940647550 | FK17: 47646390 | FL17: 893001160 | FM17: 1806.73 | FN17: 41189 | FO17: 33 | FP17: 952674799 | FQ17: 51105458 | FR17: 901569341 | FS17: 1724 | FT17: 43579 | FU17: 34 | FV17: 105.80252 | FW17: 103.37556 | FY17: 1156038538 | FZ17: 41250521 | GA17: 1114788017 | GB17: 1958.03 | GC17: 47445 | GD17: =RANK(GC17,GC$6:GC$49,0) -> 26 | GF17: 1242800385 | GG17: 59301791 | GH17: 1183498594 | GI17: 1996.14 | GJ17: 49408 | GK17: =RANK(GJ17,GJ$6:GJ$49,0) -> 26 | GL17: 1163282750 | GM17: 50174238 | GN17: 1113108512 | GO17: 1849.35 | GP17: 50158 | GQ17: =RANK(GP17,GP$6:GP$49,0) -> 29 | GR17: 103.33994 | GS17: 108.21418 | GU17: 1287861049 | GV17: 42795470 | GW17: 1245065579 | GX17: 2020.14 | GY17: 51361 | GZ17: =RANK(GY17,GY$6:GY$49,0) -> 28 | HB17: 1296310514 | HC17: 48292949 | HD17: 1248017565 | HE17: 2050.95 | HF17: 50709 | HG17: =RANK(HF17,HF$6:HF$49,0) -> 28 | HH17: 1287381340 | HI17: 59538249 | HJ17: 1227843091 | HK17: 1926.28 | HL17: 53118 | HM17: =RANK(HL17,HL$6:HL$49,0) -> 30
... A39: 362 | B39: NSA | C39: Národní sportovní agentura | E39: 0 | F39: 0 | G39: 0 | H39: 0 | I39: 0 | J39: 39 | K39: 103.79955 | L39: 0 | M39: 0 | N39: 0 | O39: 0 | P39: 0 | Q39: 39 | R39: 0 | S39: 0 | T39: 0 | U39: 0 | V39: 0 | W39: 39 | X39: 0 | Y39: 107.13908 | AA39: 0 | AB39: 0 | AC39: 0 | AD39: 0 | AE39: 0 | AF39: 39 | AG39: 0 | AH39: 0 | AI39: 0 | AJ39: 0 | AK39: 0 | AL39: 0 | AM39: 39 | AN39: 0 | AO39: 0 | AP39: 0 | AQ39: 0 | AR39: 0 | AS39: 39 | AT39: 0 | AU39: 0 | AW39: 0 | AX39: 0 | AY39: 0 | AZ39: 0 | BA39: 0 | BB39: 39 | BC39: 0 | BD39: 0 | BE39: 0 | BF39: 0 | BG39: 0 | BH39: 0 | BI39: 39 | BJ39: 0 | BK39: 0 | BL39: 0 | BM39: 0 | BN39: 0 | BO39: 39 | BP39: 0 | BQ39: 0 | BS39: 0 | BT39: 0 | BU39: 0 | BV39: 0 | BW39: 0 | BX39: 39 | BY39: 0 | BZ39: 0 | CA39: 0 | CB39: 0 | CC39: 0 | CD39: 0 | CE39: 39 | CF39: 0 | CG39: 0 | CH39: 0 | CI39: 0 | CJ39: 0 | CK39: 39 | CL39: 0 | CM39: 0 | CO39: 0 | CP39: 0 | CQ39: 0 | CR39: 0 | CS39: 0 | CT39: 39 | CU39: 0 | CV39: 0 | CW39: 0 | CX39: 0 | CY39: 0 | CZ39: 0 | DA39: 42 | DB39: 0 | DC39: 0 | DD39: 0 | DE39: 0 | DF39: 0 | DG39: 42 | DH39: 0 | DI39: 0 | DK39: 0 | DL39: 0 | DM39: 0 | DN39: 0 | DO39: 0 | DP39: 42 | DQ39: 0 | DR39: 0 | DS39: 0 | DT39: 0 | DU39: 0 | DV39: 0 | DW39: 43 | DX39: 0 | DY39: 0 | DZ39: 0 | EA39: 0 | EB39: 0 | EC39: 43 | ED39: 0 | EE39: 0 | EG39: 0 | EH39: 0 | EI39: 0 | EJ39: 0 | EK39: 0 | EL39: 43 | EM39: 0 | EN39: 2615949 | EO39: 1158806 | EP39: 1457143 | EQ39: 4.48 | ER39: 27105 | ES39: 43 | ET39: 2319884 | EU39: 1128756 | EV39: 1191128 | EW39: 1.8 | EX39: 55145 | EY39: 6 | EZ39: 203.44955 | FA39: 0 | FC39: 18997065 | FD39: 7838400 | FE39: 11158665 | FF39: 41.33 | FG39: 22499 | FH39: 43 | FI39: 0 | FJ39: 29497065 | FK39: 6038400 | FL39: 23458665 | FM39: 51.33 | FN39: 38085 | FO39: 40 | FP39: 26084176 | FQ39: 5595040 | FR39: 20489136 | FS39: 30.38 | FT39: 56202 | FU39: 6 | FV39: 147.56991 | FW39: 101.91676 | FY39: 44751509 | FZ39: 7256000 | GA39: 37495509 | GB39: 75 | GC39: 41662 | GD39: =RANK(GC39,GC$6:GC$49,0) -> 38 | GF39: 55647603 | GG39: 7256000 | GH39: 48391603 | GI39: 76.5 | GJ39: 52714 | GK39: =RANK(GJ39,GJ$6:GJ$49,0) -> 18 | GL39: 54112609 | GM39: 6769078 | GN39: 47343531 | GO39: 69.5 | GP39: 56767 | GQ39: =RANK(GP39,GP$6:GP$49,0) -> 15 | GR39: 0 | GS39: 0 | GU39: 58785983 | GV39: 7974800 | GW39: 50811183 | GX39: 78 | GY39: 54285 | GZ39: =RANK(GY39,GY$6:GY$49,0) -> 21 | HB39: 61680984 | HC39: 7974800 | HD39: 53706184 | HE39: 78 | HF39: 57378 | HG39: =RANK(HF39,HF$6:HF$49,0) -> 13 | HH39: 56777628 | HI39: 6986722 | HJ39: 49790906 | HK39: 72.14 | HL39: 57517 | HM39: =RANK(HL39,HL$6:HL$49,0) -> 20
A40: 364 | B40: DIA | FY40: 206924933 | FZ40: 5033240 | GA40: 201891693 | GB40: 207.5 | GC40: 81081 | GD40: =RANK(GC40,GC$6:GC$49,0) -> 1 | GF40: 320697811 | GG40: 27316337 | GH40: 293381474 | GI40: 318 | GJ40: 76882 | GK40: =RANK(GJ40,GJ$6:GJ$49,0) -> 1 | GL40: 198051808 | GM40: 19627971 | GN40: 178423837 | GO40: 212.01 | GP40: 70132 | GQ40: =RANK(GP40,GP$6:GP$49,0) -> 2 | GU40: 365737994 | GV40: 74543805 | GW40: 291194189 | GX40: 321 | GY40: 75596 | GZ40: =RANK(GY40,GY$6:GY$49,0) -> 2 | HB40: 380322588 | HC40: 82421805 | HD40: 297900783 | HE40: 327.83 | HF40: 75725 | HG40: =RANK(HF40,HF$6:HF$49,0) -> 2 | HH40: 284357859 | HI40: 32313529 | HJ40: 252044330 | HK40: 268.81 | HL40: 78136 | HM40: =RANK(HL40,HL$6:HL$49,0) -> 1
A41: 371 | B41: ÚDHPS | C41: Úřad pro dohled nad hospodařením politických stran a politických hnutí | E41: 0 | F41: 0 | G41: 0 | H41: 0 | I41: 0 | J41: 39 | K41: 101.32384 | L41: 0 | M41: 0 | N41: 0 | O41: 0 | P41: 0 | Q41: 39 | R41: 0 | S41: 0 | T41: 0 | U41: 0 | V41: 0 | W41: 39 | X41: 0 | Y41: 108.13908 | AA41: 0 | AB41: 0 | AC41: 0 | AD41: 0 | AE41: 0 | AF41: 39 | AG41: 0 | AH41: 0 | AI41: 0 | AJ41: 0 | AK41: 0 | AL41: 0 | AM41: 39 | AN41: 0 | AO41: 0 | AP41: 0 | AQ41: 0 | AR41: 0 | AS41: 39 | AT41: 0 | AU41: 0 | AW41: 0 | AX41: 0 | AY41: 0 | AZ41: 0 | BA41: 0 | BB41: 39 | BC41: 0 | BD41: 0 | BE41: 0 | BF41: 0 | BG41: 0 | BH41: 0 | BI41: 39 | BJ41: 0 | BK41: 0 | BL41: 0 | BM41: 0 | BN41: 0 | BO41: 39 | BP41: 0 | BQ41: 0 | BS41: 0 | BT41: 0 | BU41: 0 | BV41: 0 | BW41: 0 | BX41: 39 | BY41: 0 | BZ41: 0 | CA41: 0 | CB41: 0 | CC41: 0 | CD41: 0 | CE41: 39 | CF41: 0 | CG41: 0 | CH41: 0 | CI41: 0 | CJ41: 0 | CK41: 39 | CL41: 0 | CM41: 0 | CO41: 0 | CP41: 0 | CQ41: 0 | CR41: 0 | CS41: 0 | CT41: 39 | CU41: 0 | CV41: 10646137 | CW41: 1200000 | CX41: 9446137 | CY41: 16 | CZ41: 49199 | DA41: 4 | DB41: 7348332 | DC41: 592455 | DD41: 6755877 | DE41: 9.01 | DF41: 62485 | DG41: 1 | DH41: 127.00461 | DI41: 0 | DK41: 12589802 | DL41: 1200000 | DM41: 11389802 | DN41: 19 | DO41: 49955 | DP41: 4 | DQ41: 0 | DR41: 12589802 | DS41: 1200000 | DT41: 11389802 | DU41: 19 | DV41: 49955 | DW41: 3 | DX41: 13087383 | DY41: 512594.4 | DZ41: 12574789 | EA41: 17.2 | EB41: 60924 | EC41: 1 | ED41: 121.95776 | EE41: 97.5018 | EG41: 13231838 | EH41: 1200000 | EI41: 12031838 | EJ41: 19 | EK41: 52771 | EL41: 3 | EM41: 105.63707 | EN41: 13231838 | EO41: 1200000 | EP41: 12031838 | EQ41: 19 | ER41: 52771 | ES41: 4 | ET41: 14620169 | EU41: 1087980 | EV41: 13532189 | EW41: 18.16 | EX41: 62097 | EY41: 2 | EZ41: 117.67259 | FA41: 101.92535 | FC41: 14328698 | FD41: 1200000 | FE41: 13128698 | FF41: 19 | FG41: 57582 | FH41: 2 | FI41: 109.11675 | FJ41: 14328698 | FK41: 668000 | FL41: 13660698 | FM41: 19 | FN41: 59915 | FO41: 2 | FP41: 14466385 | FQ41: 654325 | FR41: 13812060 | FS41: 18.24 | FT41: 63103 | FU41: 2 | FV41: 105.32087 | FW41: 101.62005 | FY41: 16986049 | FZ41: 700000 | GA41: 16286049 | GB41: 19 | GC41: 71430 | GD41: =RANK(GC41,GC$6:GC$49,0) -> 2 | GF41: 16986049 | GG41: 700000 | GH41: 16286049 | GI41: 19 | GJ41: 71430 | GK41: =RANK(GJ41,GJ$6:GJ$49,0) -> 2 | GL41: 15266854 | GM41: 37875 | GN41: 15228979 | GO41: 18.4 | GP41: 68972 | GQ41: =RANK(GP41,GP$6:GP$49,0) -> 3 | GR41: 127.00461 | GS41: 0 | GU41: 19462623 | GV41: 700000 | GW41: 18762623 | GX41: 20 | GY41: 78178 | GZ41: =RANK(GY41,GY$6:GY$49,0) -> 1 | HB41: 19462623 | HC41: 700000 | HD41: 18762623 | HE41: 20 | HF41: 78178 | HG41: =RANK(HF41,HF$6:HF$49,0) -> 1 | HH41: 18094945 | HI41: 28125 | HJ41: 18066820 | HK41: 19.53 | HL41: 77090 | HM41: =RANK(HL41,HL$6:HL$49,0) -> 3
A42: 372 | B42: RRTV | C42: Rada pro rozhlasové a televizní vysílání | E42: 23910000 | F42: 10418000 | G42: 13492000 | H42: 44 | I42: 25553 | J42: 33 | K42: 100 | L42: 24461656 | M42: 10418000 | N42: 14043656 | O42: 44 | P42: 26598 | Q42: 30 | R42: 25045009 | S42: 10962820 | T42: 14082189 | U42: 38 | V42: 30882 | W42: 25 | X42: 116.10647 | Y42: 109.13908 | AA42: 25592140 | AB42: 10445140 | AC42: 15147000 | AD42: 45 | AE42: 28050 | AF42: 27 | AG42: 109.77185 | AH42: 25680498 | AI42: 10445140 | AJ42: 15235358 | AK42: 45 | AL42: 28214 | AM42: 29 | AN42: 25279049 | AO42: 9946380 | AP42: 15332669 | AQ42: 42 | AR42: 30422 | AS42: 28 | AT42: 107.8259 | AU42: 98.510459 | AW42: 26523576 | AX42: 10611274 | AY42: 15912302 | AZ42: 45 | BA42: 29467 | BB42: 30 | BC42: 105.05169 | BD42: 26603138 | BE42: 10611274 | BF42: 15991864 | BG42: 45 | BH42: 29615 | BI42: 31 | BJ42: 29068555 | BK42: 13080691 | BL42: 15987864 | BM42: 42 | BN42: 31722 | BO42: 28 | BP42: 107.11464 | BQ42: 104.27322 | BS42: 29212032 | BT42: 12148896 | BU42: 17063136 | BV42: 45 | BW42: 31598 | BX42: 28 | BY42: 107.23182 | BZ42: 29354225 | CA42: 12148896 | CB42: 17205329 | CC42: 45 | CD42: 31862 | CE42: 29 | CF42: 28927825 | CG42: 11715496 | CH42: 17212329 | CI42: 41 | CJ42: 34984 | CK42: 25 | CL42: 109.79851 | CM42: 110.28308 | CO42: 31134869 | CP42: 12991296 | CQ42: 18143573 | CR42: 45 | CS42: 33599 | CT42: 28 | CU42: 106.33268 | CV42: 31407023 | CW42: 12991296 | CX42: 18415727 | CY42: 45 | CZ42: 34103 | DA42: 32 | DB42: 31074571 | DC42: 12638553 | DD42: 18436018 | DE42: 41 | DF42: 37472 | DG42: 29 | DH42: 109.8789 | DI42: 107.11182 | DK42: 33914390 | DL42: 13680096 | DM42: 20234294 | DN42: 46 | DO42: 36656 | DP42: 31 | DQ42: 109.09849 | DR42: 33914390 | DS42: 13680096 | DT42: 20234294 | DU42: 46 | DV42: 36656 | DW42: 32 | DX42: 33669567 | DY42: 13435273 | DZ42: 20234294 | EA42: 40 | EB42: 42155 | EC42: 26 | ED42: 115.00164 | EE42: 112.49733 | EG42: 36650494 | EH42: 16068096 | EI42: 20582398 | EJ42: 44 | EK42: 38982 | EL42: 29 | EM42: 106.34548 | EN42: 36650494 | EO42: 16068096 | EP42: 20582398 | EQ42: 44 | ER42: 38982 | ES42: 31 | ET42: 35794513 | EU42: 15300642 | EV42: 20493871 | EW42: 41 | EX42: 41654 | EY42: 34 | EZ42: 106.85445 | FA42: 98.811529 | FC42: 37360047 | FD42: 16099296 | FE42: 21260751 | FF42: 42 | FG42: 42184 | FH42: 30 | FI42: 108.21405 | FJ42: 37360047 | FK42: 16099296 | FL42: 21260751 | FM42: 42 | FN42: 42184 | FO42: 31 | FP42: 37850821 | FQ42: 16575070 | FR42: 21275751 | FS42: 41 | FT42: 43243 | FU42: 35 | FV42: 102.51043 | FW42: 103.81476 | FY42: 43284149 | FZ42: 17917296 | GA42: 25366853 | GB42: 48 | GC42: 44040 | GD42: =RANK(GC42,GC$6:GC$49,0) -> 35 | GF42: 42703882 | GG42: 17337029 | GH42: 25366853 | GI42: 48 | GJ42: 44040 | GK42: =RANK(GJ42,GJ$6:GJ$49,0) -> 37 | GL42: 41385445 | GM42: 17272632 | GN42: 24112813 | GO42: 44 | GP42: 45668 | GQ42: =RANK(GP42,GP$6:GP$49,0) -> 38 | GR42: 109.8789 | GS42: 107.11182 | GU42: 48661592 | GV42: 20188896 | GW42: 28472696 | GX42: 48 | GY42: 49432 | GZ42: =RANK(GY42,GY$6:GY$49,0) -> 31 | HB42: 48661592 | HC42: 20188896 | HD42: 28472696 | HE42: 48 | HF42: 49432 | HG42: =RANK(HF42,HF$6:HF$49,0) -> 31 | HH42: 46443629 | HI42: 19556123 | HJ42: 26887506 | HK42: 43 | HL42: 52108 | HM42: =RANK(HL42,HL$6:HL$49,0) -> 32
A43: 373 | B43: ÚPDI | FY43: 15140797 | FZ43: 300000 | GA43: 14840797 | GB43: 23 | GC43: 53771 | GD43: =RANK(GC43,GC$6:GC$49,0) -> 11 | GR43: 103.71916 | GS43: 0
A44: 374 | B44: SSHR | C44: Správa státních hmotných rezerv | E44: 119651000 | F44: 1230000 | G44: 118421000 | H44: 377 | I44: 26176 | J44: 29 | K44: 101.32384 | L44: 119651000 | M44: 1230000 | N44: 118421000 | O44: 377 | P44: 26176 | Q44: 31 | R44: 119651000 | S44: 1230000 | T44: 118421000 | U44: 348 | V44: 28358 | W44: 32 | X44: 108.33588 | Y44: 111.13908 | AA44: 122044020 | AB44: 1254600 | AC44: 120789420 | AD44: 377 | AE44: 26700 | AF44: 31 | AG44: 102.00183 | AH44: 122720333 | AI44: 5004600 | AJ44: 117715733 | AK44: 377 | AL44: 26020 | AM44: 34 | AN44: 125720333 | AO44: 5004600 | AP44: 120715733 | AQ44: 331 | AR44: 30392 | AS44: 29 | AT44: 116.80246 | AU44: 107.17258 | AW44: 128210295 | AX44: 1317989 | AY44: 126892306 | AZ44: 369 | BA44: 28657 | BB44: 33 | BC44: 107.32959 | BD44: 129441757 | BE44: 1914989 | BF44: 127526768 | BG44: 369 | BH44: 28800 | BI44: 33 | BJ44: 122601418 | BK44: 1189281 | BL44: 121412137 | BM44: 338 | BN44: 29934 | BO44: 34 | BP44: 103.9375 | BQ44: 98.493024 | BS44: 133527539 | BT44: 1357529 | BU44: 132170010 | BV44: 369 | BW44: 29849 | BX44: 34 | BY44: 104.15954 | BZ44: 136978956 | CA44: 1357529 | CB44: 135621427 | CC44: 377 | CD44: 29978 | CE44: 34 | CF44: 130967487 | CG44: 1173861 | CH44: 129793626 | CI44: 338 | CJ44: 32000 | CK44: 33 | CL44: 106.74495 | CM44: 106.90185 | CO44: 145043020 | CP44: 1357529 | CQ44: 143685491 | CR44: 378 | CS44: 31677 | CT44: 34 | CU44: 106.12416 | CV44: 147198302 | CW44: 1357529 | CX44: 145840773 | CY44: 378 | CZ44: 32152 | DA44: 37 | DB44: 139457167 | DC44: 384819 | DD44: 139072348 | DE44: 343 | DF44: 33788 | DG44: 36 | DH44: 105.08833 | DI44: 105.5875 | DK44: 169092289 | DL44: 1357529 | DM44: 167734760 | DN44: 406.71 | DO44: 34368 | DP44: 37 | DQ44: 108.49512 | DR44: 169092289 | DS44: 1357529 | DT44: 167734760 | DU44: 406.71 | DV44: 34368 | DW44: 39 | DX44: 158180177 | DY44: 395162 | DZ44: 157785015 | EA44: 364.23 | EB44: 36100 | EC44: 39 | ED44: 105.03957 | EE44: 106.84267 | EG44: 179489023 | EH44: 1357529 | EI44: 178131494 | EJ44: 417 | EK44: 35598 | EL44: 39 | EM44: 103.57891 | EN44: 179489023 | EO44: 1357529 | EP44: 178131494 | EQ44: 417 | ER44: 35598 | ES44: 39 | ET44: 170558714 | EU44: 1370128 | EV44: 169188586 | EW44: 383.82 | EX44: 36733 | EY44: 40 | EZ44: 103.18838 | FA44: 101.75346 | FC44: 188173414 | FD44: 1357529 | FE44: 186815885 | FF44: 406 | FG44: 38345 | FH44: 39 | FI44: 107.71673 | FJ44: 188173414 | FK44: 1357529 | FL44: 186815885 | FM44: 406 | FN44: 38345 | FO44: 39 | FP44: 187233487 | FQ44: 1815488 | FR44: 185417999 | FS44: 385.03 | FT44: 40131 | FU44: 40 | FV44: 104.65771 | FW44: 109.25054 | FY44: 205656880 | FZ44: 1357529 | GA44: 204299351 | GB44: 416 | GC44: 40925 | GD44: =RANK(GC44,GC$6:GC$49,0) -> 41 | GF44: 209421880 | GG44: 1357529 | GH44: 208064351 | GI44: 416 | GJ44: 41680 | GK44: =RANK(GJ44,GJ$6:GJ$49,0) -> 39 | GL44: 205569155 | GM44: 1265364 | GN44: 204303791 | GO44: 373.85 | GP44: 45540 | GQ44: =RANK(GP44,GP$6:GP$49,0) -> 39 | GR44: 105.08833 | GS44: 105.5875 | GU44: 215014318 | GV44: 1357529 | GW44: 213656789 | GX44: 416 | GY44: 42800 | GZ44: =RANK(GY44,GY$6:GY$49,0) -> 40 | HB44: 215014318 | HC44: 1357529 | HD44: 213656789 | HE44: 416 | HF44: 42800 | HG44: =RANK(HF44,HF$6:HF$49,0) -> 40 | HH44: 218663897 | HI44: 1847377 | HJ44: 216816520 | HK44: 376.14 | HL44: 48035 | HM44: =RANK(HL44,HL$6:HL$49,0) -> 39
A45: 375 | B45: SÚJB | C45: Státní úřad pro jadernou bezpečnost | E45: 99675000 | F45: 190000 | G45: 99485000 | H45: 203 | I45: 40839 | J45: 1 | K45: 99.904594 | L45: 100875000 | M45: 240000 | N45: 100635000 | O45: 203 | P45: 41312 | Q45: 1 | R45: 98849277 | S45: 1213813 | T45: 97635464 | U45: 196 | V45: 41512 | W45: 5 | X45: 100.48412 | Y45: 112.13908 | AA45: 104606100 | AB45: 193800 | AC45: 104412300 | AD45: 209 | AE45: 41632 | AF45: 2 | AG45: 101.94177 | AH45: 105715172 | AI45: 193800 | AJ45: 105521372 | AK45: 209 | AL45: 42074 | AM45: 1 | AN45: 104740723 | AO45: 1274625 | AP45: 103466098 | AQ45: 200 | AR45: 43111 | AS45: 4 | AT45: 102.46471 | AU45: 103.8519 | AW45: 109891323 | AX45: 203592 | AY45: 109687731 | AZ45: 209 | BA45: 43735 | BB45: 2 | BC45: 105.0514 | BD45: 111339897 | BE45: 203592 | BF45: 111136305 | BG45: 211 | BH45: 43893 | BI45: 1 | BJ45: 115216238 | BK45: 1575719 | BL45: 113640519 | BM45: 207 | BN45: 45749 | BO45: 2 | BP45: 104.22846 | BQ45: 106.11909 | BS45: 117497329 | BT45: 209700 | BU45: 117287629 | BV45: 214 | BW45: 45673 | BX45: 1 | BY45: 104.43123 | BZ45: 118474726 | CA45: 209700 | CB45: 118265026 | CC45: 214 | CD45: 46053 | CE45: 1 | CF45: 116928820 | CG45: 2576688 | CH45: 114352132 | CI45: 199 | CJ45: 47886 | CK45: 2 | CL45: 103.9802 | CM45: 104.67114 | CO45: 127562619 | CP45: 209700 | CQ45: 127352919 | CR45: 218 | CS45: 48682 | CT45: 1 | CU45: 106.58814 | CV45: 129472913 | CW45: 209700 | CX45: 129263213 | CY45: 218 | CZ45: 49413 | DA45: 3 | DB45: 122935557 | DC45: 1577600 | DD45: 121357957 | DE45: 195 | DF45: 51862 | DG45: 3 | DH45: 104.95619 | DI45: 108.30305 | DK45: 131310405 | DL45: 209700 | DM45: 131100705 | DN45: 218 | DO45: 50115 | DP45: 3 | DQ45: 102.94359 | DR45: 131310405 | DS45: 209700 | DT45: 131100705 | DU45: 218 | DV45: 50115 | DW45: 2 | DX45: 134031508 | DY45: 2263550 | DZ45: 131767958 | EA45: 197.19 | EB45: 55686 | EC45: 3 | ED45: 111.11643 | EE45: 107.37341 | EG45: 136016966 | EH45: 209700 | EI45: 135807266 | EJ45: 210 | EK45: 53892 | EL45: 2 | EM45: 107.53667 | EN45: 136016966 | EO45: 209700 | EP45: 135807266 | EQ45: 210 | ER45: 53892 | ES45: 2 | ET45: 139118379 | EU45: 1931250 | EV45: 137187129 | EW45: 198.9 | EX45: 57477 | EY45: 3 | EZ45: 106.65219 | FA45: 103.21625 | FC45: 142849186 | FD45: 209700 | FE45: 142639486 | FF45: 215 | FG45: 55287 | FH45: 3 | FI45: 102.58851 | FJ45: 142849186 | FK45: 209700 | FL45: 142639486 | FM45: 215 | FN45: 55287 | FO45: 3 | FP45: 136363596 | FQ45: 1023200 | FR45: 135340396 | FS45: 192.29 | FT45: 58653 | FU45: 3 | FV45: 106.08823 | FW45: 102.04604 | FY45: 152152559 | FZ45: 2000700 | GA45: 150151859 | GB45: 218 | GC45: 57397 | GD45: =RANK(GC45,GC$6:GC$49,0) -> 5 | GF45: 152152559 | GG45: 2000700 | GH45: 150151859 | GI45: 218 | GJ45: 57397 | GK45: =RANK(GJ45,GJ$6:GJ$49,0) -> 6 | GL45: 150907206 | GM45: 2792212 | GN45: 148114994 | GO45: 196.82 | GP45: 62712 | GQ45: =RANK(GP45,GP$6:GP$49,0) -> 6 | GR45: 104.95619 | GS45: 108.30305 | GU45: 170611915 | GV45: 2000700 | GW45: 168611215 | GX45: 237 | GY45: 59287 | GZ45: =RANK(GY45,GY$6:GY$49,0) -> 6 | HB45: 170611915 | HC45: 2000700 | HD45: 168611215 | HE45: 237 | HF45: 59287 | HG45: =RANK(HF45,HF$6:HF$49,0) -> 8 | HH45: 165650329 | HI45: 3194379 | HJ45: 162455950 | HK45: 204.75 | HL45: 66120 | HM45: =RANK(HL45,HL$6:HL$49,0) -> 7
A46: 376 | B46: GIBS | C46: Generální inspekce bezpečnostních sborů | E46: 140716000 | F46: 1734000 | G46: 138982000 | H46: 335 | I46: 34573 | J46: 12 | K46: 0 | L46: 145212000 | M46: 1639000 | N46: 143573000 | O46: 335 | P46: 35715 | Q46: 10 | R46: 145212000 | S46: 1639000 | T46: 143573000 | U46: 272 | V46: 43987 | W46: 2 | X46: 123.16114 | Y46: 113.13908 | AA46: 154782960 | AB46: 1768680 | AC46: 153014280 | AD46: 335 | AE46: 38063 | AF46: 6 | AG46: 110.09458 | AH46: 155675543 | AI46: 1787350 | AJ46: 153888193 | AK46: 335 | AL46: 38281 | AM46: 6 | AN46: 155675543 | AO46: 1787350 | AP46: 153888193 | AQ46: 280 | AR46: 45800 | AS46: 2 | AT46: 119.6416 | AU46: 104.12167 | AW46: 156083695 | AX46: 1858043 | AY46: 154225652 | AZ46: 295 | BA46: 43567 | BB46: 3 | BC46: 114.46024 | BD46: 156854823 | BE46: 1858043 | BF46: 154996780 | BG46: 295 | BH46: 43784 | BI46: 2 | BJ46: 156854823 | BK46: 1858043 | BL46: 154996780 | BM46: 284 | BN46: 45480 | BO46: 3 | BP46: 103.87356 | BQ46: 99.30131 | BS46: 160766206 | BT46: 1913784 | BU46: 158852422 | BV46: 300 | BW46: 44126 | BX46: 3 | BY46: 101.28308 | BZ46: 162329976 | CA46: 2153784 | CB46: 160176192 | CC46: 300 | CD46: 44493 | CE46: 3 | CF46: 162298212 | CG46: 2122020 | CH46: 160176192 | CI46: 285 | CJ46: 46835 | CK46: 3 | CL46: 105.26375 | CM46: 102.97933 | CO46: 172865298 | CP46: 2393784 | CQ46: 170471514 | CR46: 300 | CS46: 47353 | CT46: 2 | CU46: 107.31315 | CV46: 214950470 | CW46: 2477229 | CX46: 212473241 | CY46: 335 | CZ46: 52854 | DA46: 1 | DB46: 214823186 | DC46: 2349945 | DD46: 212473241 | DE46: 301 | DF46: 58824 | DG46: 2 | DH46: 111.29527 | DI46: 125.59838 | DK46: 236743362 | DL46: 2393784 | DM46: 234349578 | DN46: 335 | DO46: 58296 | DP46: 1 | DQ46: 123.10941 | DR46: 235273362 | DS46: 2393784 | DT46: 232879578 | DU46: 335 | DV46: 57930 | DW46: 1 | DX46: 234675435 | DY46: 1795857 | DZ46: 232879578 | EA46: 318.83 | EB46: 60868 | EC46: 2 | ED46: 105.07164 | EE46: 103.47477 | EG46: 240606863 | EH46: 2393784 | EI46: 238213079 | EJ46: 335 | EK46: 59257 | EL46: 1 | EM46: 101.64848 | EN46: 245230175 | EO46: 2393784 | EP46: 242836391 | EQ46: 335 | ER46: 60407 | ES46: 1 | ET46: 244733391 | EU46: 1897000 | EV46: 242836391 | EW46: 310.44 | EX46: 65186 | EY46: 1 | EZ46: 107.91133 | FA46: 107.09404 | FC46: 260649779 | FD46: 2393784 | FE46: 258255995 | FF46: 333 | FG46: 64629 | FH46: 1 | FI46: 109.0656 | FJ46: 260649779 | FK46: 2393784 | FL46: 258255995 | FM46: 333 | FN46: 64629 | FO46: 1 | FP46: 252677241 | FQ46: 1899600 | FR46: 250777641 | FS46: 308.86 | FT46: 67662 | FU46: 1 | FV46: 104.69294 | FW46: 103.79836 | FY46: 269397297 | FZ46: 2079040 | GA46: 267318257 | GB46: 333 | GC46: 66896 | GD46: =RANK(GC46,GC$6:GC$49,0) -> 3 | GF46: 269397297 | GG46: 2079040 | GH46: 267318257 | GI46: 333 | GJ46: 66896 | GK46: =RANK(GJ46,GJ$6:GJ$49,0) -> 3 | GL46: 2.6192174e+08 | GM46: 2188741 | GN46: 2.59733e+08 | GO46: 297.67 | GP46: 72713 | GQ46: =RANK(GP46,GP$6:GP$49,0) -> 1 | GR46: 111.29527 | GS46: 125.59838 | GU46: 282763210 | GV46: 2079040 | GW46: 280684170 | GX46: 333 | GY46: 70241 | GZ46: =RANK(GY46,GY$6:GY$49,0) -> 3 | HB46: 287155210 | HC46: 2079040 | HD46: 285076170 | HE46: 333 | HF46: 71340 | HG46: =RANK(HF46,HF$6:HF$49,0) -> 3 | HH46: 277436787 | HI46: 1882911 | HJ46: 275553876 | HK46: 296.26 | HL46: 77509 | HM46: =RANK(HL46,HL$6:HL$49,0) -> 2
A47: 377 | B47: TAČR | C47: Technologická agentura ČR | E47: 29184000 | F47: 11424000 | G47: 17760000 | H47: 40 | I47: 37000 | J47: 4 | K47: 105.71429 | L47: 29184000 | M47: 9649000 | N47: 19535000 | O47: 42 | P47: 38760 | Q47: 2 | R47: 39167224 | S47: 16731427 | T47: 22435797 | U47: 43 | V47: 43480 | W47: 3 | X47: 112.1775 | Y47: 114.13908 | AA47: 29767680 | AB47: 4918926 | AC47: 24848754 | AD47: 49 | AE47: 42260 | AF47: 1 | AG47: 114.21622 | AH47: 42859304 | AI47: 7273180 | AJ47: 35586124 | AK47: 76 | AL47: 39020 | AM47: 4 | AN47: 52934337 | AO47: 21944453 | AP47: 30989884 | AQ47: 58 | AR47: 44526 | AS47: 3 | AT47: 114.11071 | AU47: 102.4057 | AW47: 35532288 | AX47: 5754510 | AY47: 29777778 | AZ47: 56 | BA47: 44312 | BB47: 1 | BC47: 104.85566 | BD47: 56464852 | BE47: 9421274 | BF47: 47043578 | BG47: 96 | BH47: 40836 | BI47: 6 | BJ47: 69662061 | BK47: 25296705 | BL47: 44365356 | BM47: 84 | BN47: 44013 | BO47: 6 | BP47: 107.7799 | BQ47: 98.847864 | BS47: 32189991 | BT47: 2323835 | BU47: 29866156 | BV47: 59 | BW47: 42184 | BX47: 5 | BY47: 95.197689 | BZ47: 36586723 | CA47: 5692192 | CB47: 30894531 | CC47: 61 | CD47: 42206 | CE47: 6 | CF47: 39069816 | CG47: 8197665 | CH47: 30872151 | CI47: 59 | CJ47: 43605 | CK47: 8 | CL47: 103.31469 | CM47: 99.073001 | CO47: 41836779 | CP47: 2734987 | CQ47: 39101792 | CR47: 76.6 | CS47: 42539 | CT47: 10 | CU47: 100.84155 | CV47: 48694013 | CW47: 4434987 | CX47: 44259026 | CY47: 86.6 | CZ47: 42590 | DA47: 11 | DB47: 47036713 | DC47: 5931597 | DD47: 41105116 | DE47: 74.86 | DF47: 45758 | DG47: 16 | DH47: 107.43837 | DI47: 104.93751 | DK47: 66572118 | DL47: 6067665 | DM47: 60504453 | DN47: 120.1 | DO47: 41982 | DP47: 21 | DQ47: 98.690613 | DR47: 66572118 | DS47: 6067665 | DT47: 60504453 | DU47: 120.1 | DV47: 41982 | DW47: 23 | DX47: 59125885 | DY47: 5538765 | DZ47: 53587120 | EA47: 95.44 | EB47: 46790 | EC47: 20 | ED47: 111.45253 | EE47: 102.25534 | EG47: 73754267 | EH47: 5400510 | EI47: 68353757 | EJ47: 133.1 | EK47: 42796 | EL47: 22 | EM47: 101.93893 | EN47: 75547867 | EO47: 7194110 | EP47: 68353757 | EQ47: 133.1 | ER47: 42796 | ES47: 24 | ET47: 76716644 | EU47: 6933623 | EV47: 69783021 | EW47: 131.72 | EX47: 44149 | EY47: 25 | EZ47: 103.16151 | FA47: 94.355632 | FC47: 84549112 | FD47: 6256557 | FE47: 78292555 | FF47: 147.2 | FG47: 44323 | FH47: 25 | FI47: 103.56809 | FJ47: 86762199 | FK47: 8469644 | FL47: 78292555 | FM47: 147.2 | FN47: 44323 | FO47: 24 | FP47: 81846700 | FQ47: 7091064 | FR47: 74755636 | FS47: 131.86 | FT47: 47244 | FU47: 27 | FV47: 106.59026 | FW47: 107.01035 | FY47: 94505349 | FZ47: 6573835 | GA47: 87931514 | GB47: 147.8 | GC47: 49578 | GD47: =RANK(GC47,GC$6:GC$49,0) -> 25 | GF47: 95770494 | GG47: 7608980 | GH47: 88161514 | GI47: 148.18 | GJ47: 49580 | GK47: =RANK(GJ47,GJ$6:GJ$49,0) -> 25 | GL47: 97273820 | GM47: 6438206 | GN47: 90835614 | GO47: 146.13 | GP47: 51801 | GQ47: =RANK(GP47,GP$6:GP$49,0) -> 27 | GR47: 107.43837 | GS47: 104.93751 | GU47: 98095468 | GV47: 9523835 | GW47: 88571633 | GX47: 142.27 | GY47: 51880 | GZ47: =RANK(GY47,GY$6:GY$49,0) -> 26 | HB47: 102280425 | HC47: 9803835 | HD47: 92476590 | HE47: 149.1 | HF47: 51686 | HG47: =RANK(HF47,HF$6:HF$49,0) -> 25 | HH47: 103230528 | HI47: 8010310 | HJ47: 95220218 | HK47: 144.26 | HL47: 55005 | HM47: =RANK(HL47,HL$6:HL$49,0) -> 27
A48: 378 | B48: NÚKIB | C48: Národní úřad pro kybernetickou a informační bezpečnost | E48: 0 | F48: 0 | G48: 0 | H48: 0 | I48: 0 | J48: 39 | K48: 105.71429 | L48: 0 | M48: 0 | N48: 0 | O48: 0 | P48: 0 | Q48: 39 | R48: 0 | S48: 0 | T48: 0 | U48: 0 | V48: 0 | W48: 39 | X48: 0 | Y48: 115.13908 | AA48: 0 | AB48: 0 | AC48: 0 | AD48: 0 | AE48: 0 | AF48: 39 | AG48: 0 | AH48: 0 | AI48: 0 | AJ48: 0 | AK48: 0 | AL48: 0 | AM48: 39 | AN48: 0 | AO48: 0 | AP48: 0 | AQ48: 0 | AR48: 0 | AS48: 39 | AT48: 0 | AU48: 0 | AW48: 0 | AX48: 0 | AY48: 0 | AZ48: 0 | BA48: 0 | BB48: 39 | BC48: 0 | BD48: 0 | BE48: 0 | BF48: 0 | BG48: 0 | BH48: 0 | BI48: 39 | BJ48: 0 | BK48: 0 | BL48: 0 | BM48: 0 | BN48: 0 | BO48: 39 | BP48: 0 | BQ48: 0 | BS48: 0 | BT48: 0 | BU48: 0 | BV48: 0 | BW48: 0 | BX48: 39 | BY48: 0 | BZ48: 0 | CA48: 0 | CB48: 0 | CC48: 0 | CD48: 0 | CE48: 39 | CF48: 0 | CG48: 0 | CH48: 0 | CI48: 0 | CJ48: 0 | CK48: 39 | CL48: 0 | CM48: 0 | CO48: 0 | CP48: 0 | CQ48: 0 | CR48: 0 | CS48: 0 | CT48: 39 | CU48: 0 | CV48: 32318780 | CW48: 422464 | CX48: 31896316 | CY48: 53.75 | CZ48: 49452 | DA48: 2 | DB48: 31136241 | DC48: 421710 | DD48: 30714531 | DE48: 53 | DF48: 48293 | DG48: 8 | DH48: 97.656313 | DI48: 0 | DK48: 104693961 | DL48: 579433 | DM48: 104114528 | DN48: 177 | DO48: 49018 | DP48: 5 | DQ48: 0 | DR48: 105653961 | DS48: 579433 | DT48: 105074528 | DU48: 184.5 | DV48: 47459 | DW48: 9 | DX48: 105798828 | DY48: 1274519 | DZ48: 104524309 | EA48: 169.06 | EB48: 51522 | EC48: 9 | ED48: 108.56107 | EE48: 106.68627 | EG48: 101778730 | EH48: 579433 | EI48: 101199297 | EJ48: 203 | EK48: 41543 | EL48: 27 | EM48: 84.7505 | EN48: 122954506 | EO48: 579433 | EP48: 122375073 | EQ48: 207 | ER48: 49265 | ES48: 11 | ET48: 1.232281e+08 | EU48: 1079885 | EV48: 1.2214822e+08 | EW48: 197.13 | EX48: 51636 | EY48: 12 | EZ48: 104.81275 | FA48: 100.22126 | FC48: 139545994 | FD48: 579433 | FE48: 138966561 | FF48: 221 | FG48: 52401 | FH48: 9 | FI48: 126.13677 | FJ48: 143284064 | FK48: 579433 | FL48: 142704631 | FM48: 226.83 | FN48: 52427 | FO48: 8 | FP48: 1.4333106e+08 | FQ48: 753355 | FR48: 1.4257771e+08 | FS48: 217.29 | FT48: 54680 | FU48: 10 | FV48: 104.2974 | FW48: 105.89511 | FY48: 239467965 | FZ48: 803648 | GA48: 238664317 | GB48: 373 | GC48: 53321 | GD48: =RANK(GC48,GC$6:GC$49,0) -> 14 | GF48: 239687745 | GG48: 803648 | GH48: 238884097 | GI48: 373 | GJ48: 53370 | GK48: =RANK(GJ48,GJ$6:GJ$49,0) -> 15 | GL48: 239020211 | GM48: 1894625 | GN48: 237125586 | GO48: 357.23 | GP48: 55316 | GQ48: =RANK(GP48,GP$6:GP$49,0) -> 18 | GR48: 97.656313 | GS48: 0 | GU48: 259183747 | GV48: 803648 | GW48: 258380099 | GX48: 385 | GY48: 55926 | GZ48: =RANK(GY48,GY$6:GY$49,0) -> 13 | HB48: 261641226 | HC48: 941502 | HD48: 260699724 | HE48: 385.17 | HF48: 56404 | HG48: =RANK(HF48,HF$6:HF$49,0) -> 16 | HH48: 259017236 | HI48: 3805621 | HJ48: 255211615 | HK48: 364.76 | HL48: 58306 | HM48: =RANK(HL48,HL$6:HL$49,0) -> 18
A49: 381 | B49: NKÚ | C49: Nejvyšší kontrolní úřad | E49: 239004000 | F49: 20304000 | G49: 218700000 | H49: 495 | I49: 36818 | J49: 5 | K49: 100 | L49: 239004000 | M49: 20304000 | N49: 218700000 | O49: 495 | P49: 36818 | Q49: 5 | R49: 234988998 | S49: 16305190 | T49: 218683808 | U49: 464 | V49: 39275 | W49: 9 | X49: 106.67337 | Y49: 116.13908 | AA49: 243412800 | AB49: 20338800 | AC49: 223074000 | AD49: 495 | AE49: 37555 | AF49: 7 | AG49: 102.00174 | AH49: 244714065 | AI49: 20338800 | AJ49: 224375265 | AK49: 495 | AL49: 37774 | AM49: 7 | AN49: 241839555 | AO49: 17504602 | AP49: 224334953 | AQ49: 462 | AR49: 40464 | AS49: 7 | AT49: 107.1213 | AU49: 103.02737 | AW49: 257799632 | AX49: 20614272 | AY49: 237185360 | AZ49: 485 | BA49: 40753 | BB49: 6 | BC49: 108.51551 | BD49: 258985559 | BE49: 20614272 | BF49: 238371287 | BG49: 485 | BH49: 40957 | BI49: 5 | BJ49: 2.5800817e+08 | BK49: 19658938 | BL49: 2.3834924e+08 | BM49: 464 | BN49: 42807 | BO49: 8 | BP49: 104.51693 | BQ49: 105.79033 | BS49: 270630315 | BT49: 21822794 | BU49: 248807521 | BV49: 495 | BW49: 41887 | BX49: 7 | BY49: 102.78262 | BZ49: 272703711 | CA49: 21822794 | CB49: 250880917 | CC49: 495 | CD49: 42236 | CE49: 5 | CF49: 2.6961018e+08 | CG49: 18766372 | CH49: 2.508438e+08 | CI49: 460 | CJ49: 45443 | CK49: 5 | CL49: 107.59305 | CM49: 106.15787 | CO49: 284666691 | CP49: 23418794 | CQ49: 261247897 | CR49: 495 | CS49: 43981 | CT49: 5 | CU49: 104.99916 | CV49: 288674409 | CW49: 23418794 | CX49: 265255615 | CY49: 495 | CZ49: 44656 | DA49: 7 | DB49: 2.855267e+08 | DC49: 19884268 | DD49: 2.6564243e+08 | DE49: 457 | DF49: 48440 | DG49: 7 | DH49: 108.47367 | DI49: 106.59508 | DK49: 309680602 | DL49: 24520394 | DM49: 285160208 | DN49: 495 | DO49: 48007 | DP49: 7 | DQ49: 109.15395 | DR49: 309680602 | DS49: 24520394 | DT49: 285160208 | DU49: 495 | DV49: 48007 | DW49: 6 | DX49: 3.1120287e+08 | DY49: 23521902 | DZ49: 287680967 | EA49: 459.69 | EB49: 52151 | EC49: 7 | ED49: 108.63207 | EE49: 107.66102 | EG49: 331714614 | EH49: 26898794 | EI49: 304815820 | EJ49: 495 | EK49: 51316 | EL49: 4 | EM49: 106.89274 | EN49: 331714614 | EO49: 26898794 | EP49: 304815820 | EQ49: 495 | ER49: 51316 | ES49: 6 | ET49: 329946021 | EU49: 25194221 | EV49: 304751800 | EW49: 460.44 | EX49: 55156 | EY49: 5 | EZ49: 107.48305 | FA49: 105.76211 | FC49: 343193814 | FD49: 29467994 | FE49: 313725820 | FF49: 495 | FG49: 52816 | FH49: 8 | FI49: 102.92306 | FJ49: 343193814 | FK49: 29467994 | FL49: 313725820 | FM49: 495 | FN49: 52816 | FO49: 7 | FP49: 3.4136036e+08 | FQ49: 27785705 | FR49: 313574651 | FS49: 467.53 | FT49: 55892 | FU49: 8 | FV49: 105.82399 | FW49: 101.3344 | FY49: 366875024 | FZ49: 32988794 | GA49: 333886230 | GB49: 485 | GC49: 57369 | GD49: =RANK(GC49,GC$6:GC$49,0) -> 6 | GF49: 366875024 | GG49: 32988794 | GH49: 333886230 | GI49: 485 | GJ49: 57369 | GK49: =RANK(GJ49,GJ$6:GJ$49,0) -> 7 | GL49: 352532243 | GM49: 31009532 | GN49: 3.2152271e+08 | GO49: 433.12 | GP49: 61862 | GQ49: =RANK(GP49,GP$6:GP$49,0) -> 7 | GR49: 108.47367 | GS49: 106.59508 | GU49: 387824536 | GV49: 37243994 | GW49: 350580542 | GX49: 475 | GY49: 61505 | GZ49: =RANK(GY49,GY$6:GY$49,0) -> 4 | HB49: 387824536 | HC49: 37243994 | HD49: 350580542 | HE49: 475 | HF49: 61505 | HG49: =RANK(HF49,HF$6:HF$49,0) -> 4 | HH49: 384145688 | HI49: 33481326 | HJ49: 350664362 | HK49: 436.13 | HL49: 67003 | HM49: =RANK(HL49,HL$6:HL$49,0) -> 5
A50: OSS (RO) CELKEM
C51: C E L K E M | E51: 66405697000 | F51: 5447591000 | G51: 60958106000 | H51: 194400 | I51: 26131 | J51: - | K51: 101.36545 | L51: 68071874379 | M51: 6408665227 | N51: 61663209152 | O51: 194585 | P51: 26408 | Q51: - | R51: 68566133470 | S51: 6208989086 | T51: 62357144384 | U51: 186013 | V51: 27936 | W51: - | X51: 105.78613 | Y51: 101.96365 | AA51: 69697890995 | AB51: 5897650565 | AC51: 63800240430 | AD51: 194357 | AE51: 27355 | AF51: - | AG51: 104.68409 | AH51: 70654852989 | AI51: 6272419376 | AJ51: 64382433613 | AK51: 194278 | AL51: 27616 | AM51: - | AN51: 71535229869 | AO51: 6221061508 | AP51: 65314168361 | AQ51: 187372 | AR51: 29048.35 | AS51: - | AT51: 105.18667 | AU51: 103.98178 | AW51: 73894120551 | AX51: 6256612577 | AY51: 67637507974 | AZ51: 194061 | BA51: 29044.78 | BB51: - | BC51: 106.17722 | BD51: 76239178746 | BE51: 7195033613 | BF51: 69044145133 | BG51: 195487 | BH51: 29432.539 | BI51: - | BJ51: 7.7292602e+10 | BK51: 7.1556283e+09 | BL51: 7.0136973e+10 | BM51: 190438 | BN51: 30691.079 | BO51: - | BP51: 104.27602 | BQ51: 105.65516 | BS51: 80514442825 | BT51: 6361990939 | BU51: 74152451886 | BV51: 201126 | BW51: 30723.88 | BX51: - | BY51: 105.78107 | BZ51: 82209740937 | CA51: 6700928861 | CB51: 75508812076 | CC51: 201957 | CD51: 31157.132 | CE51: - | CF51: 8.1321594e+10 | CG51: 6.421091e+09 | CH51: 7.4900503e+10 | CI51: 192311.66 | CJ51: 32456.216 | CK51: - | CL51: 104.16946 | CM51: 105.7513 | CO51: 87539849225 | CP51: 6671550892 | CQ51: 80868298333 | CR51: 205693.76 | CS51: 32762.418 | CT51: - | CU51: 106.63503 | CV51: 89874968897 | CW51: 6985026875 | CX51: 82889942022 | CY51: 205073.33 | CZ51: 33683.05 | DA51: - | DB51: 8.9140215e+10 | DC51: 6.6934469e+09 | DD51: 8.2446768e+10 | DE51: 194160.11 | DF51: 35386.073 | DG51: - | DH51: 105.05603 | DI51: 109.02711 | DK51: 99001512715 | DL51: 7283921181 | DM51: 91717591534 | DN51: 207859.58 | DO51: 36770.654 | DP51: - | DQ51: 112.23425 | DR51: 99163871560 | DS51: 7366624180 | DT51: 91797247380 | DU51: 208082.32 | DV51: 36763.194 | DW51: - | DX51: 9.9112554e+10 | DY51: 7.1917497e+09 | DZ51: 9.1920804e+10 | EA51: 197131.2 | EB51: 38857.71 | EC51: - | ED51: 105.69732 | EE51: 109.81074 | EG51: 105551774766 | EH51: 8301331911 | EI51: 97250442855 | EJ51: 207946.12 | EK51: 38972.613 | EL51: - | EM51: 105.98836 | EN51: 106173150626 | EO51: 8363972315 | EP51: 97809178311 | EQ51: 209267.97 | ER51: 38948.936 | ES51: - | ET51: 1.066246e+11 | EU51: 8.3789263e+09 | EV51: 9.8245674e+10 | EW51: 198790.73 | EX51: 41184.715 | EY51: - | EZ51: 105.74028 | FA51: 105.98853 | FC51: 110291546070 | FD51: 8812256846 | FE51: 101479289224 | FF51: 207664.66 | FG51: 40722.42 | FH51: - | FI51: 104.48984 | FJ51: 111801515059 | FK51: 8837576042 | FL51: 102963939017 | FM51: 207461.97 | FN51: 41358.56 | FO51: - | FP51: 1.1166694e+11 | FQ51: 8.8028614e+09 | FR51: 1.0286408e+11 | FS51: 198393.68 | FT51: 43207.055 | FU51: - | FV51: 104.46944 | FW51: 104.91041 | FY51: =SUM(FY6:FY49) -> 122366032840 | FZ51: =SUM(FZ6:FZ49) -> 9537528624 | GA51: =SUM(GA6:GA49) -> 112828504216 | GB51: =SUM(GB6:GB49) -> 211967.28 | GC51: =IF(GB51=0,0,ROUND(GA51/GB51/12,0)) -> 44358 | GD51: - | GF51: =SUM(GF6:GF49) -> 126302266934 | GG51: =SUM(GG6:GG49) -> 10451329706 | GH51: =SUM(GH6:GH49) -> 115850937228 | GI51: =SUM(GI6:GI49) -> 210934.35 | GJ51: =IF(GI51=0,0,ROUND(GH51/GI51/12,0)) -> 45769 | GK51: - | GL51: =SUM(GL6:GL49) -> 1.24867e+11 | GM51: =SUM(GM6:GM49) -> 1.0375835e+10 | GN51: =SUM(GN6:GN49) -> 1.1449117e+11 | GO51: =SUM(GO6:GO49) -> 195689.01 | GP51: =IF(GO51=0,0,ROUND(GN51/GO51/12,0)) -> 48756 | GQ51: - | GR51: 105.05603 | GS51: 109.02711 | GU51: =SUM(GU6:GU49) -> 132545486998 | GV51: =SUM(GV6:GV49) -> 10277308974 | GW51: =SUM(GW6:GW49) -> 122268178024 | GX51: =SUM(GX6:GX49) -> 212186.87 | GY51: =IF(GX51=0,0,ROUND(GW51/GX51/12,0)) -> 48019 | GZ51: - | HB51: =SUM(HB6:HB49) -> 133715175075 | HC51: =SUM(HC6:HC49) -> 10842470205 | HD51: =SUM(HD6:HD49) -> 122872704870 | HE51: =SUM(HE6:HE49) -> 211836.04 | HF51: =IF(HE51=0,0,ROUND(HD51/HE51/12,0)) -> 48336 | HG51: - | HH51: =SUM(HH6:HH49) -> 1.3348486e+11 | HI51: =SUM(HI6:HI49) -> 1.082678e+10 | HJ51: =SUM(HJ6:HJ49) -> 1.2265808e+11 | HK51: =SUM(HK6:HK49) -> 195626.29 | HL51: =IF(HK51=0,0,ROUND(HJ51/HK51/12,0)) -> 52250 | HM51: -
DK54: Pozn: s ohledem na plynulost vývojové řady jsou data za ÚS ze SZÚ 2018 - v průběhu roku 2018 změna z ÚO na OOSS, | FY54: =FY51=SUMAR!E12 -> TRUE | FZ54: =FZ51=SUMAR!F12 -> TRUE | GA54: =GA51=SUMAR!G12 -> TRUE | GB54: =GB51=SUMAR!H12 -> TRUE | GC54: =ROUND(GC51,0)=ROUND(SUMAR!I12,0) -> TRUE | GF54: =GF51=SUMAR!L12 -> TRUE | GG54: =GG51=SUMAR!M12 -> TRUE | GH54: =GH51=SUMAR!N12 -> TRUE | GI54: =GI51=SUMAR!O12 -> TRUE | GJ54: =ROUND(GJ51,0)=ROUND(SUMAR!P12,0) -> TRUE | GL54: =GL51=SUMAR!R12 -> TRUE | GM54: =GM51=SUMAR!S12 -> TRUE | GN54: =GN51=SUMAR!T12 -> TRUE | GO54: =GO51=SUMAR!U12 -> TRUE | GP54: =ROUND(GP51,0)=ROUND(SUMAR!V12,0) -> TRUE | GU54: =GU51=SUMAR!AA12 -> TRUE | GV54: =GV51=SUMAR!AB12 -> TRUE | GW54: =GW51=SUMAR!AC12 -> TRUE | GX54: =GX51=SUMAR!AD12 -> TRUE | GY54: =ROUND(GY51,0)=ROUND(SUMAR!AE12,0) -> TRUE | HB54: =HB51=SUMAR!AH12 -> TRUE | HC54: =HC51=SUMAR!AI12 -> TRUE | HD54: =HD51=SUMAR!AJ12 -> TRUE | HE54: =HE51=SUMAR!AK12 -> TRUE | HF54: =ROUND(HF51,0)=ROUND(SUMAR!AL12,0) -> TRUE | HH54: =HH51=SUMAR!AN12 -> TRUE | HI54: =HI51=SUMAR!AO12 -> TRUE | HJ54: =HJ51=SUMAR!AP12 -> TRUE | HK54: =HK51=SUMAR!AQ12 -> TRUE | HL54: =ROUND(HL51,0)=ROUND(SUMAR!AR12,0) -> TRUE
DK55: čili v roce 2018 bude sedět list sumář, nikoliv však listy státní správa, ROPO a OSS

Sheet PO
A1: Číslo rozp. Kapitol | B1: Název kapitoly | E1: SCHV. ROZPOČET 2024 | K1: INDEX Ø platu | L1: UPRAV. ROZPOČET 2024 | R1: SKUTEČNOST 2024 | X1: INDEX Ø platu | AA1: SCHV. ROZPOČET 2025 | AG1: INDEX Ø platu | AH1: UPRAV. ROZPOČET 2025 | AN1: SKUTEČNOST 2025 | AT1: INDEX Ø platu
C3: Rozpočtová | E3: PROSTŘEDKY NA PLATY A OPPP v Kč | F3: z toho : | H3: POČET ZAMĚSTANCŮ | I3: Ø měsíční plat v Kč | J3: Pořadí Ø měsíčního platu | K3: schv. 2017 ke schv. 2016 | L3: PROSTŘEDKY NA PLATY A OPPP v Kč | M3: z toho : | O3: POČET ZAMĚSTANCŮ | P3: Ø měsíční plat v Kč | Q3: Pořadí Ø měsíčního platu | R3: PROSTŘEDKY NA PLATY A OPPP v Kč | S3: z toho : | U3: POČET ZAMĚSTANCŮ | V3: Ø měsíční plat v Kč | W3: Pořadí Ø měsíčního platu | X3: skut. 2017 k uprav. rozp. 2017 | Y3: skut. 2017 ke skut. 2016 | AA3: PROSTŘEDKY NA PLATY A OPPP v Kč | AB3: z toho : | AD3: POČET ZAMĚSTANCŮ | AE3: Ø měsíční plat v Kč | AF3: Pořadí Ø měsíčního platu | AG3: schv. 2017 ke schv. 2016 | AH3: PROSTŘEDKY NA PLATY A OPPP v Kč | AI3: z toho : | AK3: POČET ZAMĚSTANCŮ | AL3: Ø měsíční plat v Kč | AM3: Pořadí Ø měsíčního platu | AN3: PROSTŘEDKY NA PLATY A OPPP v Kč | AO3: z toho : | AQ3: POČET ZAMĚSTANCŮ | AR3: Ø měsíční plat v Kč | AS3: Pořadí Ø měsíčního platu | AT3: skut. 2017 k uprav. rozp. 2017 | AU3: skut. 2017 ke skut. 2016
C4: kapitola | F4: OPPP v Kč | G4: PROSTŘEDKY NA PLATY | M4: OPPP v Kč | N4: PROSTŘEDKY NA PLATY | S4: OPPP v Kč | T4: PROSTŘEDKY NA PLATY | AB4: OPPP v Kč | AC4: PROSTŘEDKY NA PLATY | AI4: OPPP v Kč | AJ4: PROSTŘEDKY NA PLATY | AO4: OPPP v Kč | AP4: PROSTŘEDKY NA PLATY
A6: 301 | B6: KPR | C6: Kancelář prezidenta | E6: 87687497 | F6: 2558335 | G6: 85129162 | H6: 258 | I6: 27496 | J6: =RANK(I6,I$6:I$49,0) -> 14 | L6: 87687497 | M6: 2558335 | N6: 85129162 | O6: 258 | P6: 27496 | Q6: =RANK(P6,P$6:P$49,0) -> 16 | R6: 143075948 | S6: 2450667 | T6: 140625281 | U6: 255.74 | V6: 45823 | W6: =RANK(V6,V$6:V$49,0) -> 10 | AA6: 124503878 | AB6: 2558335 | AC6: 121945543 | AD6: 258 | AE6: 39388 | AF6: =RANK(AE6,AE$6:AE$49,0) -> 11 | AH6: 124503878 | AI6: 2558335 | AJ6: 121945543 | AK6: 258 | AL6: 39388 | AM6: =RANK(AL6,AL$6:AL$49,0) -> 12 | AN6: 154679333 | AO6: 2017446 | AP6: 152661887 | AQ6: 255.64 | AR6: 49765 | AS6: =RANK(AR6,AR$6:AR$49,0) -> 10
A7: 302 | B7: Kparl | C7: Parlament | E7: 0 | I7: 0 | J7: =RANK(I7,I$6:I$49,0) -> 16 | L7: 0 | P7: 0 | Q7: =RANK(P7,P$6:P$49,0) -> 17 | R7: 0 | V7: 0 | W7: =RANK(V7,V$6:V$49,0) -> 17 | AA7: 0 | AE7: 0 | AF7: =RANK(AE7,AE$6:AE$49,0) -> 17 | AH7: 0 | AL7: 0 | AM7: =RANK(AL7,AL$6:AL$49,0) -> 17 | AN7: 0 | AR7: 0 | AS7: =RANK(AR7,AR$6:AR$49,0) -> 17
A8: 303 | B8: Ksen | C8: Kancelář Senátu | E8: 0 | I8: 0 | J8: =RANK(I8,I$6:I$49,0) -> 16 | L8: 0 | P8: 0 | Q8: =RANK(P8,P$6:P$49,0) -> 17 | R8: 0 | V8: 0 | W8: =RANK(V8,V$6:V$49,0) -> 17 | AA8: 0 | AE8: 0 | AF8: =RANK(AE8,AE$6:AE$49,0) -> 17 | AH8: 0 | AL8: 0 | AM8: =RANK(AL8,AL$6:AL$49,0) -> 17 | AN8: 0 | AR8: 0 | AS8: =RANK(AR8,AR$6:AR$49,0) -> 17
A9: 304 | B9: ÚV | C9: Úřad vlády | E9: 0 | I9: 0 | J9: =RANK(I9,I$6:I$49,0) -> 16 | L9: 0 | P9: 0 | Q9: =RANK(P9,P$6:P$49,0) -> 17 | R9: 0 | V9: 0 | W9: =RANK(V9,V$6:V$49,0) -> 17 | AA9: 0 | AE9: 0 | AF9: =RANK(AE9,AE$6:AE$49,0) -> 17 | AH9: 0 | AL9: 0 | AM9: =RANK(AL9,AL$6:AL$49,0) -> 17 | AN9: 0 | AR9: 0 | AS9: =RANK(AR9,AR$6:AR$49,0) -> 17
A10: 306 | B10: MZV | C10: Ministerstvo zahraničních věcí | E10: 40196227 | F10: 1421992 | G10: 38774235 | H10: 89 | I10: 36305 | J10: =RANK(I10,I$6:I$49,0) -> 8 | L10: 43998547 | M10: 1421992 | N10: 42576555 | O10: 95 | P10: 37348 | Q10: =RANK(P10,P$6:P$49,0) -> 11 | R10: 45599419 | S10: 1496750 | T10: 44102669 | U10: 71.12 | V10: 51676 | W10: =RANK(V10,V$6:V$49,0) -> 6 | AA10: 47572041 | AB10: 1421992 | AC10: 46150049 | AD10: 97 | AE10: 39648 | AF10: =RANK(AE10,AE$6:AE$49,0) -> 10 | AH10: 48032741 | AI10: 1421992 | AJ10: 46610749 | AK10: 97.83 | AL10: 39704 | AM10: =RANK(AL10,AL$6:AL$49,0) -> 11 | AN10: 50600990 | AO10: 1705697 | AP10: 48895293 | AQ10: 73.6 | AR10: 55362 | AS10: =RANK(AR10,AR$6:AR$49,0) -> 5
A11: 307 | B11: MO | C11: Ministerstvo obrany | E11: 460801594 | F11: 18035807 | G11: 442765787 | H11: 1072 | I11: 34419 | J11: =RANK(I11,I$6:I$49,0) -> 10 | L11: 472143506 | M11: 20458901 | N11: 451684605 | O11: 1072 | P11: 35112 | Q11: =RANK(P11,P$6:P$49,0) -> 12 | R11: 6.0164633e+08 | S11: 25628156 | T11: 5.7601817e+08 | U11: 1283.31 | V11: 37404 | W11: =RANK(V11,V$6:V$49,0) -> 14 | AA11: 494727735 | AB11: 20458901 | AC11: 474268834 | AD11: 1072 | AE11: 36868 | AF11: =RANK(AE11,AE$6:AE$49,0) -> 13 | AH11: 494727735 | AI11: 20458901 | AJ11: 474268834 | AK11: 1072 | AL11: 36868 | AM11: =RANK(AL11,AL$6:AL$49,0) -> 13 | AN11: 6.2694236e+08 | AO11: 23754579 | AP11: 6.0318778e+08 | AQ11: 1276.48 | AR11: 39378 | AS11: =RANK(AR11,AR$6:AR$49,0) -> 14
A12: 308 | B12: NBÚ | C12: Národní bezpečnostní úřad | E12: 0 | I12: 0 | J12: =RANK(I12,I$6:I$49,0) -> 16 | L12: 0 | P12: 0 | Q12: =RANK(P12,P$6:P$49,0) -> 17 | R12: 0 | V12: 0 | W12: =RANK(V12,V$6:V$49,0) -> 17 | AA12: 0 | AE12: 0 | AF12: =RANK(AE12,AE$6:AE$49,0) -> 17 | AH12: 0 | AL12: 0 | AM12: =RANK(AL12,AL$6:AL$49,0) -> 17 | AN12: 0 | AR12: 0 | AS12: =RANK(AR12,AR$6:AR$49,0) -> 17
A13: 309 | B13: KVOP | C13: kancelář veřejného ochránce práv | E13: 0 | I13: 0 | J13: =RANK(I13,I$6:I$49,0) -> 16 | L13: 0 | P13: 0 | Q13: =RANK(P13,P$6:P$49,0) -> 17 | R13: 0 | V13: 0 | W13: =RANK(V13,V$6:V$49,0) -> 17 | AA13: 0 | AE13: 0 | AF13: =RANK(AE13,AE$6:AE$49,0) -> 17 | AH13: 0 | AL13: 0 | AM13: =RANK(AL13,AL$6:AL$49,0) -> 17 | AN13: 0 | AR13: 0 | AS13: =RANK(AR13,AR$6:AR$49,0) -> 17
A14: 312 | B14: MF | C14: Ministerstvo financí | E14: 0 | I14: 0 | J14: =RANK(I14,I$6:I$49,0) -> 16 | L14: 0 | P14: 0 | Q14: =RANK(P14,P$6:P$49,0) -> 17 | R14: 0 | V14: 0 | W14: =RANK(V14,V$6:V$49,0) -> 17 | AA14: 0 | AE14: 0 | AF14: =RANK(AE14,AE$6:AE$49,0) -> 17 | AH14: 0 | AL14: 0 | AM14: =RANK(AL14,AL$6:AL$49,0) -> 17 | AN14: 0 | AR14: 0 | AS14: =RANK(AR14,AR$6:AR$49,0) -> 17
A15: 313 | B15: MPSV | C15: Ministerstvo práce a sociálních věcí | E15: 312181097 | F15: 1195802 | G15: 310985295 | H15: 823 | I15: 31489 | J15: =RANK(I15,I$6:I$49,0) -> 12 | L15: 321524754 | M15: 2502807 | N15: 319021947 | O15: 825 | P15: 32224 | Q15: =RANK(P15,P$6:P$49,0) -> 14 | R15: 3.4807276e+08 | S15: 2355726 | T15: 3.4571704e+08 | U15: 812.04 | V15: 35478 | W15: =RANK(V15,V$6:V$49,0) -> 15 | AA15: 327730361 | AB15: 1195802 | AC15: 326534559 | AD15: 823 | AE15: 33063 | AF15: =RANK(AE15,AE$6:AE$49,0) -> 15 | AH15: 338649715 | AI15: 2955615 | AJ15: 335694100 | AK15: 833.88 | AL15: 33547 | AM15: =RANK(AL15,AL$6:AL$49,0) -> 15 | AN15: 3.7100647e+08 | AO15: 2729872 | AP15: 3.682766e+08 | AQ15: 808.18 | AR15: 37974 | AS15: =RANK(AR15,AR$6:AR$49,0) -> 15
A16: 314 | B16: MV | C16: Ministerstvo vnitra | E16: 365353746 | F16: 9470391 | G16: 355883355 | H16: 981.62 | I16: 30212 | J16: =RANK(I16,I$6:I$49,0) -> 13 | L16: 367827746 | M16: 10788791 | N16: 357038955 | O16: 985 | P16: 30206 | Q16: =RANK(P16,P$6:P$49,0) -> 15 | R16: 3.6855232e+08 | S16: 9483184.8 | T16: 3.5906913e+08 | U16: 898.8 | V16: 33292 | W16: =RANK(V16,V$6:V$49,0) -> 16 | AA16: 391556812 | AB16: 9470391 | AC16: 382086421 | AD16: 985.62 | AE16: 32305 | AF16: =RANK(AE16,AE$6:AE$49,0) -> 16 | AH16: 392693612 | AI16: 10607191 | AJ16: 382086421 | AK16: 985.62 | AL16: 32305 | AM16: =RANK(AL16,AL$6:AL$49,0) -> 16 | AN16: 3.9196673e+08 | AO16: 8869631.8 | AP16: 3.8309709e+08 | AQ16: 877.85 | AR16: 36367 | AS16: =RANK(AR16,AR$6:AR$49,0) -> 16
A17: 315 | B17: MŽP | C17: Ministerstvo životního prostředí | E17: 788667874 | F17: 21305069 | G17: 767362805 | H17: 1598.5 | I17: 40004 | J17: =RANK(I17,I$6:I$49,0) -> 5 | L17: 857233716 | M17: 35824434 | N17: 821409282 | O17: 1652 | P17: 41435 | Q17: =RANK(P17,P$6:P$49,0) -> 8 | R17: 9.8444495e+08 | S17: 41132867 | T17: 943312081 | U17: 1652.6 | V17: 47567 | W17: =RANK(V17,V$6:V$49,0) -> 7 | AA17: 871838509 | AB17: 24474985 | AC17: 847363524 | AD17: 1640.47 | AE17: 43045 | AF17: =RANK(AE17,AE$6:AE$49,0) -> 6 | AH17: 899746835 | AI17: 32167901 | AJ17: 867578934 | AK17: 1649.57 | AL17: 43829 | AM17: =RANK(AL17,AL$6:AL$49,0) -> 7 | AN17: 1.0700218e+09 | AO17: 39670216 | AP17: 1.0303516e+09 | AQ17: 1671.45 | AR17: 51370 | AS17: =RANK(AR17,AR$6:AR$49,0) -> 8
A18: 317 | B18: MMR | C18: Ministerstvo pro místní rozvoj | E18: 383940107 | F18: 29299098 | G18: 354641009 | H18: 610 | I18: 48448 | J18: =RANK(I18,I$6:I$49,0) -> 2 | L18: 414298890 | M18: 29299098 | N18: 384999792 | O18: 640 | P18: 50130 | Q18: =RANK(P18,P$6:P$49,0) -> 1 | R18: 388109047 | S18: 18179831 | T18: 369929216 | U18: 580.6 | V18: 53096 | W18: =RANK(V18,V$6:V$49,0) -> 4 | AA18: 421688558 | AB18: 30299098 | AC18: 391389460 | AD18: 632 | AE18: 51607 | AF18: =RANK(AE18,AE$6:AE$49,0) -> 3 | AH18: 430132498 | AI18: 30499098 | AJ18: 399633400 | AK18: 645 | AL18: 51632 | AM18: =RANK(AL18,AL$6:AL$49,0) -> 3 | AN18: 391354430 | AO18: 18427777 | AP18: 372926653 | AQ18: 550.26 | AR18: 56477 | AS18: =RANK(AR18,AR$6:AR$49,0) -> 3
A19: 321 | B19: GA | C19: Grantová agentura | E19: 0 | I19: 0 | J19: =RANK(I19,I$6:I$49,0) -> 16 | L19: 0 | P19: 0 | Q19: =RANK(P19,P$6:P$49,0) -> 17 | R19: 0 | V19: 0 | W19: =RANK(V19,V$6:V$49,0) -> 17 | AA19: 0 | AE19: 0 | AF19: =RANK(AE19,AE$6:AE$49,0) -> 17 | AH19: 0 | AL19: 0 | AM19: =RANK(AL19,AL$6:AL$49,0) -> 17 | AN19: 0 | AR19: 0 | AS19: =RANK(AR19,AR$6:AR$49,0) -> 17
A20: 322 | B20: MPO | C20: Ministerstvo průmyslu a obchodu | E20: 296004231 | F20: 4950226 | G20: 291054005 | H20: 510.25 | I20: 47535 | J20: =RANK(I20,I$6:I$49,0) -> 3 | L20: 312011325 | M20: 29772870 | N20: 282238455 | O20: 503.04 | P20: 46755 | Q20: =RANK(P20,P$6:P$49,0) -> 6 | R20: 311343786 | S20: 19955812 | T20: 291387974 | U20: 467.27 | V20: 51966 | W20: =RANK(V20,V$6:V$49,0) -> 5 | AA20: 326844112 | AB20: 35405451 | AC20: 291438661 | AD20: 499.85 | AE20: 48588 | AF20: =RANK(AE20,AE$6:AE$49,0) -> 4 | AH20: 342106638 | AI20: 40305451 | AJ20: 301801187 | AK20: 523.33 | AL20: 48058 | AM20: =RANK(AL20,AL$6:AL$49,0) -> 4 | AN20: 329747647 | AO20: 22557253 | AP20: 307190394 | AQ20: 483.61 | AR20: 52934 | AS20: =RANK(AR20,AR$6:AR$49,0) -> 6
A21: 327 | B21: MD | C21: Ministerstvo dopravy | E21: 33902047 | F21: 1432579 | G21: 32469468 | H21: 80 | I21: 33822 | J21: =RANK(I21,I$6:I$49,0) -> 11 | L21: 33902047 | M21: 1432579 | N21: 32469468 | O21: 80 | P21: 33822 | Q21: =RANK(P21,P$6:P$49,0) -> 13 | R21: 42159279 | S21: 618116 | T21: 41541163 | U21: 73.41 | V21: 47157 | W21: =RANK(V21,V$6:V$49,0) -> 8 | AA21: 35525520 | AB21: 1432579 | AC21: 34092941 | AD21: 80 | AE21: 35513 | AF21: =RANK(AE21,AE$6:AE$49,0) -> 14 | AH21: 18479050 | AI21: 1432579 | AJ21: 17046471 | AK21: 40 | AL21: 35513 | AM21: =RANK(AL21,AL$6:AL$49,0) -> 14 | AN21: 21000472 | AO21: 1537413 | AP21: 19463059 | AQ21: 31.08 | AR21: 52185 | AS21: =RANK(AR21,AR$6:AR$49,0) -> 7
A22: 328 | B22: ČTÚ | C22: Český telekomunikační úřad | E22: 0 | I22: 0 | J22: =RANK(I22,I$6:I$49,0) -> 16 | L22: 0 | P22: 0 | Q22: =RANK(P22,P$6:P$49,0) -> 17 | R22: 0 | V22: 0 | W22: =RANK(V22,V$6:V$49,0) -> 17 | AA22: 0 | AE22: 0 | AF22: =RANK(AE22,AE$6:AE$49,0) -> 17 | AH22: 0 | AL22: 0 | AM22: =RANK(AL22,AL$6:AL$49,0) -> 17 | AN22: 0 | AR22: 0 | AS22: =RANK(AR22,AR$6:AR$49,0) -> 17
A23: 329 | B23: MZe | C23: Ministerstvo zemědělství | E23: 260948807 | F23: 9255896 | G23: 251692911 | H23: 541 | I23: 38770 | J23: =RANK(I23,I$6:I$49,0) -> 6 | L23: 273043191 | M23: 10756896 | N23: 262286295 | O23: 541 | P23: 40401 | Q23: =RANK(P23,P$6:P$49,0) -> 9 | R23: 282688370 | S23: 11329851 | T23: 2.7135852e+08 | U23: 510.94 | V23: 44258 | W23: =RANK(V23,V$6:V$49,0) -> 11 | AA23: 284419632 | AB23: 9444057 | AC23: 274975575 | AD23: 540.6 | AE23: 42387 | AF23: =RANK(AE23,AE$6:AE$49,0) -> 7 | AH23: 284979032 | AI23: 10138457 | AJ23: 274840575 | AK23: 540.6 | AL23: 42367 | AM23: =RANK(AL23,AL$6:AL$49,0) -> 9 | AN23: 2.970795e+08 | AO23: 11884304 | AP23: 2.851952e+08 | AQ23: 513.21 | AR23: 46309 | AS23: =RANK(AR23,AR$6:AR$49,0) -> 11
A24: 333 | B24: MŠMT | C24: Ministerstvo školství, mládeže a tělovýchovy | E24: 137832975431 | F24: 1112367098 | G24: 136720608333 | H24: 261999.89 | I24: 43486 | J24: =RANK(I24,I$6:I$49,0) -> 4 | L24: 140791736006 | M24: 1401947045 | N24: 139389788961 | O24: 271499.12 | P24: 42784 | Q24: =RANK(P24,P$6:P$49,0) -> 7 | R24: 1.4633164e+11 | S24: 3084384671 | T24: 1.4324726e+11 | U24: 277708.48 | V24: 42985 | W24: =RANK(V24,V$6:V$49,0) -> 12 | AA24: 147288554757 | AB24: 1288474901 | AC24: 146000079856 | AD24: 262730.98 | AE24: 46308 | AF24: =RANK(AE24,AE$6:AE$49,0) -> 5 | AH24: 151519139982 | AI24: 1426953301 | AJ24: 150092186681 | AK24: 274395.35 | AL24: 45583 | AM24: =RANK(AL24,AL$6:AL$49,0) -> 6 | AN24: 157074731302 | AO24: 3157204398 | AP24: 153917526904 | AQ24: 281505.26 | AR24: 45564 | AS24: =RANK(AR24,AR$6:AR$49,0) -> 12
A25: 334 | B25: MK | C25: Ministerstvo kultury | E25: 3129387655 | F25: 126730625 | G25: 3002657030 | H25: 6554.6 | I25: 38175 | J25: =RANK(I25,I$6:I$49,0) -> 7 | L25: 3287301040 | M25: 133604675 | N25: 3153696365 | O25: 6554.6 | P25: 40095 | Q25: =RANK(P25,P$6:P$49,0) -> 10 | R25: 3.3897638e+09 | S25: 163591964 | T25: 3.2261718e+09 | U25: 6387.86 | V25: 42087 | W25: =RANK(V25,V$6:V$49,0) -> 13 | AA25: 3288302856 | AB25: 98170762 | AC25: 3190132094 | AD25: 6659.13 | AE25: 39922 | AF25: =RANK(AE25,AE$6:AE$49,0) -> 9 | AH25: 3432646045 | AI25: 110322912 | AJ25: 3322323133 | AK25: 6660.01 | AL25: 41571 | AM25: =RANK(AL25,AL$6:AL$49,0) -> 10 | AN25: 3523300348 | AO25: 170670792 | AP25: 3352629556 | AQ25: 6360.76 | AR25: 43923 | AS25: =RANK(AR25,AR$6:AR$49,0) -> 13
A26: 335 | B26: Mzdr | C26: Ministerstvo zdravotnictví | E26: 186743845 | F26: 427125 | G26: 186316720 | H26: 448 | I26: 34657 | J26: =RANK(I26,I$6:I$49,0) -> 9 | L26: 290844717 | M26: 17447525 | N26: 273397192 | O26: 478 | P26: 47663 | Q26: =RANK(P26,P$6:P$49,0) -> 5 | R26: 281131576 | S26: 15214655 | T26: 265916921 | U26: 477.11 | V26: 46446 | W26: =RANK(V26,V$6:V$49,0) -> 9 | AA26: 230961374 | AB26: 3427125 | AC26: 227534249 | AD26: 463 | AE26: 40953 | AF26: =RANK(AE26,AE$6:AE$49,0) -> 8 | AH26: 261004678 | AI26: 8265210 | AJ26: 252739468 | AK26: 482.7 | AL26: 43633 | AM26: =RANK(AL26,AL$6:AL$49,0) -> 8 | AN26: 285493992 | AO26: 9104572 | AP26: 276389420 | AQ26: 460.55 | AR26: 50011 | AS26: =RANK(AR26,AR$6:AR$49,0) -> 9
A27: 336 | B27: Mspr | C27: Ministerstvo spravedlnosti | E27: 16295445 | F27: 273713 | G27: 16021732 | H27: 50 | I27: 26703 | J27: =RANK(I27,I$6:I$49,0) -> 15 | L27: 157181117 | M27: 14273713 | N27: 142907404 | O27: 239 | P27: 49828 | Q27: =RANK(P27,P$6:P$49,0) -> 3 | R27: 158699611 | S27: 15009513 | T27: 143690098 | U27: 191.98 | V27: 62372 | W27: =RANK(V27,V$6:V$49,0) -> 2 | AA27: 126757028 | AB27: 273713 | AC27: 126483315 | AD27: 268 | AE27: 39329 | AF27: =RANK(AE27,AE$6:AE$49,0) -> 12 | AH27: 307766221 | AI27: 30843713 | AJ27: 276922508 | AK27: 500.51 | AL27: 46107 | AM27: =RANK(AL27,AL$6:AL$49,0) -> 5 | AN27: 4.2623923e+08 | AO27: 51230802 | AP27: 375008431 | AQ27: 464.78 | AR27: 67238 | AS27: =RANK(AR27,AR$6:AR$49,0) -> 1
A28: 343 | B28: ÚOOÚ | C28: Úřad pro ochranu osobních údajů | E28: 0 | I28: 0 | J28: =RANK(I28,I$6:I$49,0) -> 16 | L28: 0 | P28: 0 | Q28: =RANK(P28,P$6:P$49,0) -> 17 | R28: 0 | V28: 0 | W28: =RANK(V28,V$6:V$49,0) -> 17 | AA28: 0 | AE28: 0 | AF28: =RANK(AE28,AE$6:AE$49,0) -> 17 | AH28: 0 | AL28: 0 | AM28: =RANK(AL28,AL$6:AL$49,0) -> 17 | AN28: 0 | AR28: 0 | AS28: =RANK(AR28,AR$6:AR$49,0) -> 17
A29: 344 | B29: ÚPV | C29: Úřad průmyslového vlastnictví | E29: 0 | I29: 0 | J29: =RANK(I29,I$6:I$49,0) -> 16 | L29: 0 | P29: 0 | Q29: =RANK(P29,P$6:P$49,0) -> 17 | R29: 0 | V29: 0 | W29: =RANK(V29,V$6:V$49,0) -> 17 | AA29: 0 | AE29: 0 | AF29: =RANK(AE29,AE$6:AE$49,0) -> 17 | AH29: 0 | AL29: 0 | AM29: =RANK(AL29,AL$6:AL$49,0) -> 17 | AN29: 0 | AR29: 0 | AS29: =RANK(AR29,AR$6:AR$49,0) -> 17
A30: 345 | B30: ČSÚ | C30: Český statistický úřad | E30: 0 | I30: 0 | J30: =RANK(I30,I$6:I$49,0) -> 16 | L30: 0 | P30: 0 | Q30: =RANK(P30,P$6:P$49,0) -> 17 | R30: 0 | V30: 0 | W30: =RANK(V30,V$6:V$49,0) -> 17 | AA30: 0 | AE30: 0 | AF30: =RANK(AE30,AE$6:AE$49,0) -> 17 | AH30: 0 | AL30: 0 | AM30: =RANK(AL30,AL$6:AL$49,0) -> 17 | AN30: 0 | AR30: 0 | AS30: =RANK(AR30,AR$6:AR$49,0) -> 17
A31: 346 | B31: ČÚZK | C31: Český úřad zeměměřický a katastrální | E31: 0 | I31: 0 | J31: =RANK(I31,I$6:I$49,0) -> 16 | L31: 0 | P31: 0 | Q31: =RANK(P31,P$6:P$49,0) -> 17 | R31: 0 | V31: 0 | W31: =RANK(V31,V$6:V$49,0) -> 17 | AA31: 0 | AE31: 0 | AF31: =RANK(AE31,AE$6:AE$49,0) -> 17 | AH31: 0 | AL31: 0 | AM31: =RANK(AL31,AL$6:AL$49,0) -> 17 | AN31: 0 | AR31: 0 | AS31: =RANK(AR31,AR$6:AR$49,0) -> 17
A32: 348 | B32: ČBÚ | C32: Český báňský úřad | E32: 0 | I32: 0 | J32: =RANK(I32,I$6:I$49,0) -> 16 | L32: 0 | P32: 0 | Q32: =RANK(P32,P$6:P$49,0) -> 17 | R32: 0 | V32: 0 | W32: =RANK(V32,V$6:V$49,0) -> 17 | AA32: 0 | AE32: 0 | AF32: =RANK(AE32,AE$6:AE$49,0) -> 17 | AH32: 0 | AL32: 0 | AM32: =RANK(AL32,AL$6:AL$49,0) -> 17 | AN32: 0 | AR32: 0 | AS32: =RANK(AR32,AR$6:AR$49,0) -> 17
A33: 349 | B33: ERÚ | C33: Energetický regulační úřad | E33: 0 | I33: 0 | J33: =RANK(I33,I$6:I$49,0) -> 16 | L33: 0 | P33: 0 | Q33: =RANK(P33,P$6:P$49,0) -> 17 | R33: 0 | V33: 0 | W33: =RANK(V33,V$6:V$49,0) -> 17 | AA33: 0 | AE33: 0 | AF33: =RANK(AE33,AE$6:AE$49,0) -> 17 | AH33: 0 | AL33: 0 | AM33: =RANK(AL33,AL$6:AL$49,0) -> 17 | AN33: 0 | AR33: 0 | AS33: =RANK(AR33,AR$6:AR$49,0) -> 17
A34: 353 | B34: ÚOHS | C34: Ministerstvo pro hospodářskou soutěž | E34: 0 | I34: 0 | J34: =RANK(I34,I$6:I$49,0) -> 16 | L34: 0 | P34: 0 | Q34: =RANK(P34,P$6:P$49,0) -> 17 | R34: 0 | V34: 0 | W34: =RANK(V34,V$6:V$49,0) -> 17 | AA34: 0 | AE34: 0 | AF34: =RANK(AE34,AE$6:AE$49,0) -> 17 | AH34: 0 | AL34: 0 | AM34: =RANK(AL34,AL$6:AL$49,0) -> 17 | AN34: 0 | AR34: 0 | AS34: =RANK(AR34,AR$6:AR$49,0) -> 17
A35: 355 | B35: ÚSTR | C35: Ústav pro studium totalitních režimů | E35: 0 | I35: 0 | J35: =RANK(I35,I$6:I$49,0) -> 16 | L35: 0 | P35: 0 | Q35: =RANK(P35,P$6:P$49,0) -> 17 | R35: 0 | V35: 0 | W35: =RANK(V35,V$6:V$49,0) -> 17 | AA35: 0 | AE35: 0 | AF35: =RANK(AE35,AE$6:AE$49,0) -> 17 | AH35: 0 | AL35: 0 | AM35: =RANK(AL35,AL$6:AL$49,0) -> 17 | AN35: 0 | AR35: 0 | AS35: =RANK(AR35,AR$6:AR$49,0) -> 17
A36: 358 | B36: ÚS | C36: Ústavní soud | E36: 0 | I36: 0 | J36: =RANK(I36,I$6:I$49,0) -> 16 | L36: 0 | P36: 0 | Q36: =RANK(P36,P$6:P$49,0) -> 17 | R36: 0 | V36: 0 | W36: =RANK(V36,V$6:V$49,0) -> 17 | AA36: 0 | AE36: 0 | AF36: =RANK(AE36,AE$6:AE$49,0) -> 17 | AH36: 0 | AL36: 0 | AM36: =RANK(AL36,AL$6:AL$49,0) -> 17 | AN36: 0 | AR36: 0 | AS36: =RANK(AR36,AR$6:AR$49,0) -> 17
A37: 359 | B37: ÚNRR | C37: Úřad Národní rozpočtové rady | E37: 0 | I37: 0 | J37: =RANK(I37,I$6:I$49,0) -> 16 | L37: 0 | P37: 0 | Q37: =RANK(P37,P$6:P$49,0) -> 17 | R37: 0 | V37: 0 | W37: =RANK(V37,V$6:V$49,0) -> 17 | AA37: 0 | AE37: 0 | AF37: =RANK(AE37,AE$6:AE$49,0) -> 17 | AH37: 0 | AL37: 0 | AM37: =RANK(AL37,AL$6:AL$49,0) -> 17 | AN37: 0 | AR37: 0 | AS37: =RANK(AR37,AR$6:AR$49,0) -> 17
A38: 361 | B38: AV | C38: Akademie věd | E38: 0 | I38: 0 | J38: =RANK(I38,I$6:I$49,0) -> 16 | L38: 0 | P38: 0 | Q38: =RANK(P38,P$6:P$49,0) -> 17 | R38: 0 | V38: 0 | W38: =RANK(V38,V$6:V$49,0) -> 17 | AA38: 0 | AE38: 0 | AF38: =RANK(AE38,AE$6:AE$49,0) -> 17 | AH38: 0 | AL38: 0 | AM38: =RANK(AL38,AL$6:AL$49,0) -> 17 | AN38: 0 | AR38: 0 | AS38: =RANK(AR38,AR$6:AR$49,0) -> 17
A39: 362 | B39: NSA | C39: Národní sportovní agentura | E39: 5643339 | F39: 914182 | G39: 4729157 | H39: 8 | I39: 49262 | J39: =RANK(I39,I$6:I$49,0) -> 1 | L39: 5643339 | M39: 914182 | N39: 4729157 | O39: 8 | P39: 49262 | Q39: =RANK(P39,P$6:P$49,0) -> 4 | R39: 8302711 | S39: 2056377 | T39: 6246334 | U39: 8 | V39: 65066 | W39: =RANK(V39,V$6:V$49,0) -> 1 | AA39: 5879797 | AB39: 914182 | AC39: 4965615 | AD39: 8 | AE39: 51725 | AF39: =RANK(AE39,AE$6:AE$49,0) -> 1 | AH39: 5879797 | AI39: 914182 | AJ39: 4965615 | AK39: 8 | AL39: 51725 | AM39: =RANK(AL39,AL$6:AL$49,0) -> 1 | AN39: 7816769 | AO39: 2723491 | AP39: 5093278 | AQ39: 6.33 | AR39: 67052 | AS39: =RANK(AR39,AR$6:AR$49,0) -> 2
A40: 364 | B40: DIA | E40: 0 | F40: 0 | G40: 0 | H40: 0 | I40: 0 | J40: =RANK(I40,I$6:I$49,0) -> 16 | L40: 4286119 | M40: 279333 | N40: 4006786 | O40: 6.67 | P40: 50060 | Q40: =RANK(P40,P$6:P$49,0) -> 2 | R40: 7402023 | S40: 472380 | T40: 6929643 | U40: 9.96 | V40: 57979 | W40: =RANK(V40,V$6:V$49,0) -> 3 | AA40: 10431219 | AB40: 500000 | AC40: 9931219 | AD40: 16 | AE40: 51725 | AF40: =RANK(AE40,AE$6:AE$49,0) -> 1 | AH40: 10431219 | AI40: 500000 | AJ40: 9931219 | AK40: 16 | AL40: 51725 | AM40: =RANK(AL40,AL$6:AL$49,0) -> 1 | AN40: 8572999 | AO40: 430290 | AP40: 8142709 | AQ40: 12.08 | AR40: 56172 | AS40: =RANK(AR40,AR$6:AR$49,0) -> 4
A41: 371 | B41: ÚDHPS | C41: Úřad pro dohled nad hospodařením politických stran a politických hnutí | E41: 0 | I41: 0 | J41: =RANK(I41,I$6:I$49,0) -> 16 | L41: 0 | P41: 0 | Q41: =RANK(P41,P$6:P$49,0) -> 17 | R41: 0 | V41: 0 | W41: =RANK(V41,V$6:V$49,0) -> 17 | AA41: 0 | AE41: 0 | AF41: =RANK(AE41,AE$6:AE$49,0) -> 17 | AH41: 0 | AL41: 0 | AM41: =RANK(AL41,AL$6:AL$49,0) -> 17 | AN41: 0 | AR41: 0 | AS41: =RANK(AR41,AR$6:AR$49,0) -> 17
A42: 372 | B42: RRTV | C42: Rada pro rozhlasové a televizní vysílání | E42: 0 | I42: 0 | J42: =RANK(I42,I$6:I$49,0) -> 16 | L42: 0 | P42: 0 | Q42: =RANK(P42,P$6:P$49,0) -> 17 | R42: 0 | V42: 0 | W42: =RANK(V42,V$6:V$49,0) -> 17 | AA42: 0 | AE42: 0 | AF42: =RANK(AE42,AE$6:AE$49,0) -> 17 | AH42: 0 | AL42: 0 | AM42: =RANK(AL42,AL$6:AL$49,0) -> 17 | AN42: 0 | AR42: 0 | AS42: =RANK(AR42,AR$6:AR$49,0) -> 17
A43: 373 | B43: ÚPDI | C43: Úřad pro přístup k dopravní infrastruktuře | E43: 0 | I43: 0 | J43: =RANK(I43,I$6:I$49,0) -> 16 | L43: 0 | P43: 0 | Q43: =RANK(P43,P$6:P$49,0) -> 17 | R43: 0 | V43: 0 | W43: =RANK(V43,V$6:V$49,0) -> 17 | AA43: 0 | AE43: 0 | AF43: =RANK(AE43,AE$6:AE$49,0) -> 17 | AH43: 0 | AL43: 0 | AM43: =RANK(AL43,AL$6:AL$49,0) -> 17 | AN43: 0 | AR43: 0 | AS43: =RANK(AR43,AR$6:AR$49,0) -> 17
A44: 374 | B44: SSHR | C44: Správa státních hmotných rezerv | E44: 0 | I44: 0 | J44: =RANK(I44,I$6:I$49,0) -> 16 | L44: 0 | P44: 0 | Q44: =RANK(P44,P$6:P$49,0) -> 17 | R44: 0 | V44: 0 | W44: =RANK(V44,V$6:V$49,0) -> 17 | AA44: 0 | AE44: 0 | AF44: =RANK(AE44,AE$6:AE$49,0) -> 17 | AH44: 0 | AL44: 0 | AM44: =RANK(AL44,AL$6:AL$49,0) -> 17 | AN44: 0 | AR44: 0 | AS44: =RANK(AR44,AR$6:AR$49,0) -> 17
A45: 375 | B45: SÚJB | C45: Státní úřad pro jadernou bezpečnost | E45: 0 | I45: 0 | J45: =RANK(I45,I$6:I$49,0) -> 16 | L45: 0 | P45: 0 | Q45: =RANK(P45,P$6:P$49,0) -> 17 | R45: 0 | V45: 0 | W45: =RANK(V45,V$6:V$49,0) -> 17 | AA45: 0 | AE45: 0 | AF45: =RANK(AE45,AE$6:AE$49,0) -> 17 | AH45: 0 | AL45: 0 | AM45: =RANK(AL45,AL$6:AL$49,0) -> 17 | AN45: 0 | AR45: 0 | AS45: =RANK(AR45,AR$6:AR$49,0) -> 17
A46: 376 | B46: GIBS | C46: Generální inspekce bezpečnostních sborů | E46: 0 | I46: 0 | J46: =RANK(I46,I$6:I$49,0) -> 16 | L46: 0 | P46: 0 | Q46: =RANK(P46,P$6:P$49,0) -> 17 | R46: 0 | V46: 0 | W46: =RANK(V46,V$6:V$49,0) -> 17 | AA46: 0 | AE46: 0 | AF46: =RANK(AE46,AE$6:AE$49,0) -> 17 | AH46: 0 | AL46: 0 | AM46: =RANK(AL46,AL$6:AL$49,0) -> 17 | AN46: 0 | AR46: 0 | AS46: =RANK(AR46,AR$6:AR$49,0) -> 17
A47: 377 | B47: TAČR | C47: Technologická agentura ČR | E47: 0 | I47: 0 | J47: =RANK(I47,I$6:I$49,0) -> 16 | L47: 0 | P47: 0 | Q47: =RANK(P47,P$6:P$49,0) -> 17 | R47: 0 | V47: 0 | W47: =RANK(V47,V$6:V$49,0) -> 17 | AA47: 0 | AE47: 0 | AF47: =RANK(AE47,AE$6:AE$49,0) -> 17 | AH47: 0 | AL47: 0 | AM47: =RANK(AL47,AL$6:AL$49,0) -> 17 | AN47: 0 | AR47: 0 | AS47: =RANK(AR47,AR$6:AR$49,0) -> 17
A48: 378 | B48: NÚKIB | C48: Národní úřad pro kybernetickou a informační bezpečnost | E48: 0 | I48: 0 | J48: =RANK(I48,I$6:I$49,0) -> 16 | L48: 0 | P48: 0 | Q48: =RANK(P48,P$6:P$49,0) -> 17 | R48: 0 | V48: 0 | W48: =RANK(V48,V$6:V$49,0) -> 17 | AA48: 0 | AE48: 0 | AF48: =RANK(AE48,AE$6:AE$49,0) -> 17 | AH48: 0 | AL48: 0 | AM48: =RANK(AL48,AL$6:AL$49,0) -> 17 | AN48: 0 | AR48: 0 | AS48: =RANK(AR48,AR$6:AR$49,0) -> 17
A49: 381 | B49: NKÚ | C49: Nejvyšší kontrolní úřad | E49: 0 | I49: 0 | J49: =RANK(I49,I$6:I$49,0) -> 16 | L49: 0 | P49: 0 | Q49: =RANK(P49,P$6:P$49,0) -> 17 | R49: 0 | V49: 0 | W49: =RANK(V49,V$6:V$49,0) -> 17 | AA49: 0 | AE49: 0 | AF49: =RANK(AE49,AE$6:AE$49,0) -> 17 | AH49: 0 | AL49: 0 | AM49: =RANK(AL49,AL$6:AL$49,0) -> 17 | AN49: 0 | AR49: 0 | AS49: =RANK(AR49,AR$6:AR$49,0) -> 17
A50: PO CELKEM
C51: C E L K E M | E51: =SUM(E6:E49) -> 144200728942 | F51: =SUM(F6:F49) -> 1339637938 | G51: =SUM(G6:G49) -> 142861091004 | H51: =SUM(H6:H49) -> 275623.86 | I51: =IF(H51=0,0,ROUND(G51/H51/12,0)) -> 43193 | J51: - | L51: =SUM(L6:L49) -> 147720663557 | M51: =SUM(M6:M49) -> 1713283176 | N51: =SUM(N6:N49) -> 146007380381 | O51: =SUM(O6:O49) -> 285436.43 | P51: =IF(O51=0,0,ROUND(N51/O51/12,0)) -> 42627 | Q51: - | R51: =SUM(R6:R49) -> 1.5369264e+11 | S51: =SUM(S6:S49) -> 3.4133605e+09 | T51: =SUM(T6:T49) -> 1.5027928e+11 | U51: =SUM(U6:U49) -> 291389.22 | V51: =IF(U51=0,0,ROUND(T51/U51/12,0)) -> 42978 | W51: - | AA51: =SUM(AA6:AA49) -> 154277294189 | AB51: =SUM(AB6:AB49) -> 1527922274 | AC51: =SUM(AC6:AC49) -> 152749371915 | AD51: =SUM(AD6:AD49) -> 276773.65 | AE51: =IF(AD51=0,0,ROUND(AC51/AD51/12,0)) -> 45991 | AF51: - | AH51: =SUM(AH6:AH49) -> 158910919676 | AI51: =SUM(AI6:AI49) -> 1730344838 | AJ51: =SUM(AJ6:AJ49) -> 157180574838 | AK51: =SUM(AK6:AK49) -> 288708.4 | AL51: =IF(AK51=0,0,ROUND(AJ51/AK51/12,0)) -> 45369 | AM51: - | AN51: =SUM(AN6:AN49) -> 1.6503055e+11 | AO51: =SUM(AO6:AO49) -> 3.5245185e+09 | AP51: =SUM(AP6:AP49) -> 1.6150604e+11 | AQ51: =SUM(AQ6:AQ49) -> 295351.12 | AR51: =IF(AQ51=0,0,ROUND(AP51/AQ51/12,0)) -> 45569 | AS51: -
E54: =E51=SUMAR!E13 -> TRUE | F54: =ROUND(F51,0)=ROUND(SUMAR!F13,0) -> TRUE | H54: =H51=SUMAR!H13 -> TRUE | I54: =ROUND(I51,1)=ROUND(SUMAR!I13,1) -> TRUE | L54: =ROUND(L51,0)=ROUND(SUMAR!L13,0) -> TRUE | M54: =M51=SUMAR!M13 -> TRUE | N54: =N51=SUMAR!N13 -> TRUE | O54: =O51=SUMAR!O13 -> TRUE | S54: =S51=SUMAR!S13 -> TRUE | T54: =T51=SUMAR!T13 -> TRUE | U54: =U51=SUMAR!U13 -> TRUE | V54: =ROUND(V51,0)=ROUND(SUMAR!V13,0) -> TRUE | AA54: =AA51=SUMAR!AA13 -> TRUE | AB54: =AB51=SUMAR!AB13 -> TRUE | AC54: =AC51=SUMAR!AC13 -> TRUE | AD54: =AD51=SUMAR!AD13 -> TRUE | AE54: =ROUND(AE51,0)=ROUND(SUMAR!AE13,0) -> TRUE | AH54: =AH51=SUMAR!AH13 -> TRUE | AI54: =AI51=SUMAR!AI13 -> TRUE | AJ54: =AJ51=SUMAR!AJ13 -> TRUE | AK54: =AK51=SUMAR!AK13 -> TRUE | AL54: =ROUND(AL51,0)=ROUND(SUMAR!AL13,0) -> TRUE | AN54: =AN51=SUMAR!AN13 -> TRUE | AO54: =AO51=SUMAR!AO13 -> TRUE | AP54: =AP51=SUMAR!AP13 -> TRUE | AQ54: =AQ51=SUMAR!AQ13 -> TRUE | AR54: =ROUND(AR51,0)=ROUND(SUMAR!AR13,0) -> TRUE

Sheet OOSS
A1: Číslo rozp. Kapitol | B1: Název kapitoly | E1: SCHV. ROZPOČET 2024 | K1: INDEX Ø platu | L1: UPRAV. ROZPOČET 2024 | R1: SKUTEČNOST 2024 | X1: INDEX Ø platu | AA1: SCHV. ROZPOČET 2025 | AG1: INDEX Ø platu | AH1: UPRAV. ROZPOČET 2025 | AN1: SKUTEČNOST 2025 | AT1: INDEX Ø platu
C3: Rozpočtová | E3: PROSTŘEDKY NA PLATY A OPPP v Kč | F3: z toho : | H3: POČET ZAMĚSTANCŮ | I3: Ø měsíční plat v Kč | J3: Pořadí Ø měsíčního platu | K3: schv. 2017 ke schv. 2016 | L3: PROSTŘEDKY NA PLATY A OPPP v Kč | M3: z toho : | O3: POČET ZAMĚSTANCŮ | P3: Ø měsíční plat v Kč | Q3: Pořadí Ø měsíčního platu | R3: PROSTŘEDKY NA PLATY A OPPP v Kč | S3: z toho : | U3: POČET ZAMĚSTANCŮ | V3: Ø měsíční plat v Kč | W3: Pořadí Ø měsíčního platu | X3: skut. 2017 k uprav. rozp. 2017 | Y3: skut. 2017 ke skut. 2016 | AA3: PROSTŘEDKY NA PLATY A OPPP v Kč | AB3: z toho : | AD3: POČET ZAMĚSTANCŮ | AE3: Ø měsíční plat v Kč | AF3: Pořadí Ø měsíčního platu | AG3: schv. 2017 ke schv. 2016 | AH3: PROSTŘEDKY NA PLATY A OPPP v Kč | AI3: z toho : | AK3: POČET ZAMĚSTANCŮ | AL3: Ø měsíční plat v Kč | AM3: Pořadí Ø měsíčního platu | AN3: PROSTŘEDKY NA PLATY A OPPP v Kč | AO3: z toho : | AQ3: POČET ZAMĚSTANCŮ | AR3: Ø měsíční plat v Kč | AS3: Pořadí Ø měsíčního platu | AT3: skut. 2017 k uprav. rozp. 2017 | AU3: skut. 2017 ke skut. 2016
C4: kapitola | F4: OPPP v Kč | G4: PROSTŘEDKY NA PLATY | M4: OPPP v Kč | N4: PROSTŘEDKY NA PLATY | S4: OPPP v Kč | T4: PROSTŘEDKY NA PLATY | AB4: OPPP v Kč | AC4: PROSTŘEDKY NA PLATY | AI4: OPPP v Kč | AJ4: PROSTŘEDKY NA PLATY | AO4: OPPP v Kč | AP4: PROSTŘEDKY NA PLATY
A6: 301 | B6: KPR | C6: Kancelář prezidenta | E6: 118484304 | F6: 6709021 | G6: 111775283 | H6: 162 | I6: 57498 | J6: =RANK(I6,I$6:I$48,0) -> 2 | L6: 118484304 | M6: 6709021 | N6: 111775283 | O6: 162 | P6: 57498 | Q6: =RANK(P6,P$6:P$48,0) -> 2 | R6: 117677550 | S6: 5799886 | T6: 111877664 | U6: 147.33 | V6: 63281 | W6: =RANK(V6,V$6:V$48,0) -> 2 | AA6: 124634668 | AB6: 7270621 | AC6: 117364047 | AD6: 162 | AE6: 60372 | AF6: =RANK(AE6,AE$6:AE$48,0) -> 3 | AH6: 124634668 | AI6: 7270621 | AJ6: 117364047 | AK6: 162 | AL6: 60372 | AM6: =RANK(AL6,AL$6:AL$48,0) -> 3 | AN6: 128324691 | AO6: 6371429 | AP6: 121953262 | AQ6: 151.86 | AR6: 66922 | AS6: =RANK(AR6,AR$6:AR$48,0) -> 3
A7: 302 | B7: Kparl | C7: Parlament | E7: 552557633 | F7: 320950304 | G7: 231607329 | H7: 360 | I7: 53613 | J7: =RANK(I7,I$6:I$48,0) -> 5 | L7: 543589023 | M7: 311981694 | N7: 231607329 | O7: 360 | P7: 53613 | Q7: =RANK(P7,P$6:P$48,0) -> 5 | R7: 542209624 | S7: 295407844 | T7: 246801780 | U7: 350.18 | V7: 58732 | W7: =RANK(V7,V$6:V$48,0) -> 4 | AA7: 608771243 | AB7: 365583548 | AC7: 243187695 | AD7: 360 | AE7: 56293 | AF7: =RANK(AE7,AE$6:AE$48,0) -> 5 | AH7: 608771243 | AI7: 350583548 | AJ7: 258187695 | AK7: 360 | AL7: 59766 | AM7: =RANK(AL7,AL$6:AL$48,0) -> 4 | AN7: 588409387 | AO7: 315948518 | AP7: 272460869 | AQ7: 353.85 | AR7: 64166 | AS7: =RANK(AR7,AR$6:AR$48,0) -> 5
A8: 303 | B8: Ksen | C8: Kancelář Senátu | E8: 269729032 | F8: 147988022 | G8: 121741010 | H8: 203 | I8: 49976 | J8: =RANK(I8,I$6:I$48,0) -> 9 | L8: 269729032 | M8: 147988022 | N8: 121741010 | O8: 203 | P8: 49976 | Q8: =RANK(P8,P$6:P$48,0) -> 9 | R8: 257044581 | S8: 129848776 | T8: 127195805 | U8: 192.12 | V8: 55172 | W8: =RANK(V8,V$6:V$48,0) -> 7 | AA8: 285727130 | AB8: 149499069 | AC8: 136228061 | AD8: 203 | AE8: 55923 | AF8: =RANK(AE8,AE$6:AE$48,0) -> 6 | AH8: 285727130 | AI8: 149499069 | AJ8: 136228061 | AK8: 203 | AL8: 55923 | AM8: =RANK(AL8,AL$6:AL$48,0) -> 6 | AN8: 288969406 | AO8: 148353620 | AP8: 140615786 | AQ8: 191.55 | AR8: 61175 | AS8: =RANK(AR8,AR$6:AR$48,0) -> 6
A9: 304 | B9: ÚV | C9: Úřad vlády | E9: 0 | F9: 0 | G9: 0 | H9: 0 | I9: 0 | J9: =RANK(I9,I$6:I$48,0) -> 24 | L9: 0 | M9: 0 | N9: 0 | O9: 0 | P9: 0 | Q9: =RANK(P9,P$6:P$48,0) -> 24 | R9: 0 | S9: 0 | T9: 0 | U9: 0 | V9: 0 | W9: =RANK(V9,V$6:V$48,0) -> 24 | AA9: 0 | AB9: 0 | AC9: 0 | AD9: 0 | AE9: 0 | AF9: =RANK(AE9,AE$6:AE$48,0) -> 24 | AH9: 0 | AI9: 0 | AJ9: 0 | AK9: 0 | AL9: 0 | AM9: =RANK(AL9,AL$6:AL$48,0) -> 25 | AN9: 0 | AO9: 0 | AP9: 0 | AQ9: 0 | AR9: 0 | AS9: =RANK(AR9,AR$6:AR$48,0) -> 25
A10: 306 | B10: MZV | C10: Ministerstvo zahraničních věcí | E10: 25847719 | F10: 198662 | G10: 25649057 | H10: 48 | I10: 44530 | J10: =RANK(I10,I$6:I$48,0) -> 15 | L10: 25847719 | M10: 198662 | N10: 25649057 | O10: 48 | P10: 44530 | Q10: =RANK(P10,P$6:P$48,0) -> 14 | R10: 15822445 | S10: 152900 | T10: 15669545 | U10: 29.89 | V10: 43687 | W10: =RANK(V10,V$6:V$48,0) -> 20 | AA10: 26074467 | AB10: 198662 | AC10: 25875805 | AD10: 48 | AE10: 44923 | AF10: =RANK(AE10,AE$6:AE$48,0) -> 19 | AH10: 26074467 | AI10: 198662 | AJ10: 25875805 | AK10: 48 | AL10: 44923 | AM10: =RANK(AL10,AL$6:AL$48,0) -> 18 | AN10: 17354604 | AO10: 150550 | AP10: 17204054 | AQ10: 31.49 | AR10: 45528 | AS10: =RANK(AR10,AR$6:AR$48,0) -> 21
A11: 307 | B11: MO | C11: Ministerstvo obrany | E11: 19580339222 | F11: 1416753384 | G11: 18163585838 | H11: 34928 | I11: 43336 | J11: =RANK(I11,I$6:I$48,0) -> 17 | L11: 20050252455 | M11: 1500975323 | N11: 18549277132 | O11: 34928 | P11: 44256 | Q11: =RANK(P11,P$6:P$48,0) -> 16 | R11: 1.9336032e+10 | S11: 1.4349064e+09 | T11: 17901125677 | U11: 33085.06 | V11: 45089 | W11: =RANK(V11,V$6:V$48,0) -> 18 | AA11: 21452308561 | AB11: 1433115692 | AC11: 20019192869 | AD11: 36057 | AE11: 46267 | AF11: =RANK(AE11,AE$6:AE$48,0) -> 15 | AH11: 20916401284 | AI11: 1437723842 | AJ11: 19478677442 | AK11: 36057 | AL11: 45018 | AM11: =RANK(AL11,AL$6:AL$48,0) -> 17 | AN11: 2.1028887e+10 | AO11: 1.4443557e+09 | AP11: 1.9584531e+10 | AQ11: 33694.01 | AR11: 48437 | AS11: =RANK(AR11,AR$6:AR$48,0) -> 17
A12: 308 | B12: NBÚ | C12: Národní bezpečnostní úřad | E12: 0 | F12: 0 | G12: 0 | H12: 0 | I12: 0 | J12: =RANK(I12,I$6:I$48,0) -> 24 | L12: 0 | M12: 0 | N12: 0 | O12: 0 | P12: 0 | Q12: =RANK(P12,P$6:P$48,0) -> 24 | R12: 0 | S12: 0 | T12: 0 | U12: 0 | V12: 0 | W12: =RANK(V12,V$6:V$48,0) -> 24 | AA12: 0 | AB12: 0 | AC12: 0 | AD12: 0 | AE12: 0 | AF12: =RANK(AE12,AE$6:AE$48,0) -> 24 | AH12: 0 | AI12: 0 | AJ12: 0 | AK12: 0 | AL12: 0 | AM12: =RANK(AL12,AL$6:AL$48,0) -> 25 | AN12: 0 | AO12: 0 | AP12: 0 | AQ12: 0 | AR12: 0 | AS12: =RANK(AR12,AR$6:AR$48,0) -> 25
A13: 309 | B13: KVOP | C13: kancelář veřejného ochránce práv | E13: 91264225 | F13: 7993580 | G13: 83270645 | H13: 154 | I13: 45060 | J13: =RANK(I13,I$6:I$48,0) -> 14 | L13: 94264225 | M13: 7993580 | N13: 86270645 | O13: 154 | P13: 46683 | Q13: =RANK(P13,P$6:P$48,0) -> 13 | R13: 95891502 | S13: 9088750 | T13: 86802752 | U13: 153.11 | V13: 47244 | W13: =RANK(V13,V$6:V$48,0) -> 15 | AA13: 107206357 | AB13: 12010580 | AC13: 95195777 | AD13: 154 | AE13: 51513 | AF13: =RANK(AE13,AE$6:AE$48,0) -> 11 | AH13: 110204414 | AI13: 12010580 | AJ13: 98193834 | AK13: 158.85 | AL13: 51513 | AM13: =RANK(AL13,AL$6:AL$48,0) -> 11 | AN13: 1.0715732e+08 | AO13: 9284877 | AP13: 97872447 | AQ13: 156.77 | AR13: 52025 | AS13: =RANK(AR13,AR$6:AR$48,0) -> 13
A14: 312 | B14: MF | C14: Ministerstvo financí | E14: 937029493 | F14: 10749506 | G14: 926279987 | H14: 1737 | I14: 44439 | J14: =RANK(I14,I$6:I$48,0) -> 16 | L14: 936850573 | M14: 10831106 | N14: 926019467 | O14: 1735 | P14: 44477 | Q14: =RANK(P14,P$6:P$48,0) -> 15 | R14: 898836212 | S14: 2897017 | T14: 895939195 | U14: 1569.85 | V14: 47560 | W14: =RANK(V14,V$6:V$48,0) -> 13 | AA14: 970757460 | AB14: 10749506 | AC14: 960007954 | AD14: 1730 | AE14: 46243 | AF14: =RANK(AE14,AE$6:AE$48,0) -> 16 | AH14: 932395500 | AI14: 11412706 | AJ14: 920982794 | AK14: 1730 | AL14: 44363 | AM14: =RANK(AL14,AL$6:AL$48,0) -> 19 | AN14: 936769207 | AO14: 5738274 | AP14: 931030933 | AQ14: 1528.82 | AR14: 50749 | AS14: =RANK(AR14,AR$6:AR$48,0) -> 14
A15: 313 | B15: MPSV | C15: Ministerstvo práce a sociálních věcí | E15: 0 | F15: 0 | G15: 0 | H15: 0 | I15: 0 | J15: =RANK(I15,I$6:I$48,0) -> 24 | L15: 0 | M15: 0 | N15: 0 | O15: 0 | P15: 0 | Q15: =RANK(P15,P$6:P$48,0) -> 24 | R15: 0 | S15: 0 | T15: 0 | U15: 0 | V15: 0 | W15: =RANK(V15,V$6:V$48,0) -> 24 | AA15: 0 | AB15: 0 | AC15: 0 | AD15: 0 | AE15: 0 | AF15: =RANK(AE15,AE$6:AE$48,0) -> 24 | AH15: 26150440 | AI15: 1400000 | AJ15: 24750440 | AK15: 48.33 | AL15: 42676 | AM15: =RANK(AL15,AL$6:AL$48,0) -> 22 | AN15: 20813552 | AO15: 0 | AP15: 20813552 | AQ15: 37.9 | AR15: 45764 | AS15: =RANK(AR15,AR$6:AR$48,0) -> 20
A16: 314 | B16: MV | C16: Ministerstvo vnitra | E16: 1069060462 | F16: 43813078 | G16: 1025247384 | H16: 2082 | I16: 41036 | J16: =RANK(I16,I$6:I$48,0) -> 19 | L16: 1178819035 | M16: 94017941 | N16: 1084801094 | O16: 2200 | P16: 41091 | Q16: =RANK(P16,P$6:P$48,0) -> 20 | R16: 1.1894695e+09 | S16: 119560580 | T16: 1.0699089e+09 | U16: 2033.14 | V16: 43853 | W16: =RANK(V16,V$6:V$48,0) -> 19 | AA16: 1251448130 | AB16: 85167337 | AC16: 1166280793 | AD16: 2161.75 | AE16: 44959 | AF16: =RANK(AE16,AE$6:AE$48,0) -> 18 | AH16: 1366295459 | AI16: 100356121 | AJ16: 1265939338 | AK16: 2270.25 | AL16: 46468 | AM16: =RANK(AL16,AL$6:AL$48,0) -> 15 | AN16: 1.3705929e+09 | AO16: 1.0547467e+08 | AP16: 1265118191 | AQ16: 2112.12 | AR16: 49915 | AS16: =RANK(AR16,AR$6:AR$48,0) -> 15
A17: 315 | B17: MŽP | C17: Ministerstvo životního prostředí | E17: 0 | F17: 0 | G17: 0 | H17: 0 | I17: 0 | J17: =RANK(I17,I$6:I$48,0) -> 24 | L17: 0 | M17: 0 | N17: 0 | O17: 0 | P17: 0 | Q17: =RANK(P17,P$6:P$48,0) -> 24 | R17: 0 | S17: 0 | T17: 0 | U17: 0 | V17: 0 | W17: =RANK(V17,V$6:V$48,0) -> 24 | AA17: 0 | AB17: 0 | AC17: 0 | AD17: 0 | AE17: 0 | AF17: =RANK(AE17,AE$6:AE$48,0) -> 24 | AH17: 0 | AI17: 0 | AJ17: 0 | AK17: 0 | AL17: 0 | AM17: =RANK(AL17,AL$6:AL$48,0) -> 25 | AN17: 0 | AO17: 0 | AP17: 0 | AQ17: 0 | AR17: 0 | AS17: =RANK(AR17,AR$6:AR$48,0) -> 25
... A39: 362 | B39: NSA | C39: Národní sportovní agentura | E39: 0 | F39: 0 | G39: 0 | H39: 0 | I39: 0 | J39: =RANK(I39,I$6:I$48,0) -> 24 | L39: 0 | M39: 0 | N39: 0 | O39: 0 | P39: 0 | Q39: =RANK(P39,P$6:P$48,0) -> 24 | R39: 0 | S39: 0 | T39: 0 | U39: 0 | V39: 0 | W39: =RANK(V39,V$6:V$48,0) -> 24 | AA39: 0 | AB39: 0 | AC39: 0 | AD39: 0 | AE39: 0 | AF39: =RANK(AE39,AE$6:AE$48,0) -> 24 | AH39: 0 | AI39: 0 | AJ39: 0 | AK39: 0 | AL39: 0 | AM39: =RANK(AL39,AL$6:AL$48,0) -> 25 | AN39: 0 | AO39: 0 | AP39: 0 | AQ39: 0 | AR39: 0 | AS39: =RANK(AR39,AR$6:AR$48,0) -> 25
A40: 364 | B40: DIA | E40: 0 | F40: 0 | G40: 0 | H40: 0 | I40: 0 | J40: =RANK(I40,I$6:I$48,0) -> 24 | L40: 0 | M40: 0 | N40: 0 | O40: 0 | P40: 0 | Q40: =RANK(P40,P$6:P$48,0) -> 24 | R40: 0 | S40: 0 | T40: 0 | U40: 0 | V40: 0 | W40: =RANK(V40,V$6:V$48,0) -> 24 | AA40: 0 | AB40: 0 | AC40: 0 | AD40: 0 | AE40: 0 | AF40: =RANK(AE40,AE$6:AE$48,0) -> 24 | AH40: 0 | AI40: 0 | AJ40: 0 | AK40: 0 | AL40: 0 | AM40: =RANK(AL40,AL$6:AL$48,0) -> 25 | AN40: 0 | AO40: 0 | AP40: 0 | AQ40: 0 | AR40: 0 | AS40: =RANK(AR40,AR$6:AR$48,0) -> 25
A41: 371 | B41: ÚDHPS | C41: Úřad pro dohled nad hospodařením politických stran a politických hnutí | E41: 0 | F41: 0 | G41: 0 | H41: 0 | I41: 0 | J41: =RANK(I41,I$6:I$48,0) -> 24 | L41: 0 | M41: 0 | N41: 0 | O41: 0 | P41: 0 | Q41: =RANK(P41,P$6:P$48,0) -> 24 | R41: 0 | S41: 0 | T41: 0 | U41: 0 | V41: 0 | W41: =RANK(V41,V$6:V$48,0) -> 24 | AA41: 0 | AB41: 0 | AC41: 0 | AD41: 0 | AE41: 0 | AF41: =RANK(AE41,AE$6:AE$48,0) -> 24 | AH41: 0 | AI41: 0 | AJ41: 0 | AK41: 0 | AL41: 0 | AM41: =RANK(AL41,AL$6:AL$48,0) -> 25 | AN41: 0 | AO41: 0 | AP41: 0 | AQ41: 0 | AR41: 0 | AS41: =RANK(AR41,AR$6:AR$48,0) -> 25
A42: 372 | B42: RRTV | C42: Rada pro rozhlasové a televizní vysílání | E42: 0 | F42: 0 | G42: 0 | H42: 0 | I42: 0 | J42: =RANK(I42,I$6:I$48,0) -> 24 | L42: 0 | M42: 0 | N42: 0 | O42: 0 | P42: 0 | Q42: =RANK(P42,P$6:P$48,0) -> 24 | R42: 0 | S42: 0 | T42: 0 | U42: 0 | V42: 0 | W42: =RANK(V42,V$6:V$48,0) -> 24 | AA42: 0 | AB42: 0 | AC42: 0 | AD42: 0 | AE42: 0 | AF42: =RANK(AE42,AE$6:AE$48,0) -> 24 | AH42: 0 | AI42: 0 | AJ42: 0 | AK42: 0 | AL42: 0 | AM42: =RANK(AL42,AL$6:AL$48,0) -> 25 | AN42: 0 | AO42: 0 | AP42: 0 | AQ42: 0 | AR42: 0 | AS42: =RANK(AR42,AR$6:AR$48,0) -> 25
A43: 374 | B43: SSHR | C43: Správa státních hmotných rezerv | E43: 0 | F43: 0 | G43: 0 | H43: 0 | I43: 0 | J43: =RANK(I43,I$6:I$48,0) -> 24 | L43: 0 | M43: 0 | N43: 0 | O43: 0 | P43: 0 | Q43: =RANK(P43,P$6:P$48,0) -> 24 | R43: 0 | S43: 0 | T43: 0 | U43: 0 | V43: 0 | W43: =RANK(V43,V$6:V$48,0) -> 24 | AA43: 0 | AB43: 0 | AC43: 0 | AD43: 0 | AE43: 0 | AF43: =RANK(AE43,AE$6:AE$48,0) -> 24 | AH43: 0 | AI43: 0 | AJ43: 0 | AK43: 0 | AL43: 0 | AM43: =RANK(AL43,AL$6:AL$48,0) -> 25 | AN43: 0 | AO43: 0 | AP43: 0 | AQ43: 0 | AR43: 0 | AS43: =RANK(AR43,AR$6:AR$48,0) -> 25
A44: 375 | B44: SÚJB | C44: Státní úřad pro jadernou bezpečnost | E44: 0 | F44: 0 | G44: 0 | H44: 0 | I44: 0 | J44: =RANK(I44,I$6:I$48,0) -> 24 | L44: 0 | M44: 0 | N44: 0 | O44: 0 | P44: 0 | Q44: =RANK(P44,P$6:P$48,0) -> 24 | R44: 0 | S44: 0 | T44: 0 | U44: 0 | V44: 0 | W44: =RANK(V44,V$6:V$48,0) -> 24 | AA44: 0 | AB44: 0 | AC44: 0 | AD44: 0 | AE44: 0 | AF44: =RANK(AE44,AE$6:AE$48,0) -> 24 | AH44: 0 | AI44: 0 | AJ44: 0 | AK44: 0 | AL44: 0 | AM44: =RANK(AL44,AL$6:AL$48,0) -> 25 | AN44: 0 | AO44: 0 | AP44: 0 | AQ44: 0 | AR44: 0 | AS44: =RANK(AR44,AR$6:AR$48,0) -> 25
A45: 376 | B45: GIBS | C45: Generální inspekce bezpečnostních sborů | E45: 269397297 | F45: 2079040 | G45: 267318257 | H45: 333 | I45: 66896 | J45: =RANK(I45,I$6:I$48,0) -> 1 | L45: 269397297 | M45: 2079040 | N45: 267318257 | O45: 333 | P45: 66896 | Q45: =RANK(P45,P$6:P$48,0) -> 1 | R45: 2.6192174e+08 | S45: 2188741 | T45: 2.59733e+08 | U45: 297.67 | V45: 72713 | W45: =RANK(V45,V$6:V$48,0) -> 1 | AA45: 282763210 | AB45: 2079040 | AC45: 280684170 | AD45: 333 | AE45: 70241 | AF45: =RANK(AE45,AE$6:AE$48,0) -> 1 | AH45: 287155210 | AI45: 2079040 | AJ45: 285076170 | AK45: 333 | AL45: 71340 | AM45: =RANK(AL45,AL$6:AL$48,0) -> 1 | AN45: 277436787 | AO45: 1882911 | AP45: 275553876 | AQ45: 296.26 | AR45: 77509 | AS45: =RANK(AR45,AR$6:AR$48,0) -> 1
A46: 377 | B46: TAČR | C46: Technologická agentura ČR | E46: 94505349 | F46: 6573835 | G46: 87931514 | H46: 147.8 | I46: 49578 | J46: =RANK(I46,I$6:I$48,0) -> 10 | L46: 95770494 | M46: 7608980 | N46: 88161514 | O46: 148.18 | P46: 49580 | Q46: =RANK(P46,P$6:P$48,0) -> 10 | R46: 97273820 | S46: 6438206 | T46: 90835614 | U46: 146.13 | V46: 51801 | W46: =RANK(V46,V$6:V$48,0) -> 11 | AA46: 98095468 | AB46: 9523835 | AC46: 88571633 | AD46: 142.27 | AE46: 51880 | AF46: =RANK(AE46,AE$6:AE$48,0) -> 10 | AH46: 102280425 | AI46: 9803835 | AJ46: 92476590 | AK46: 149.1 | AL46: 51686 | AM46: =RANK(AL46,AL$6:AL$48,0) -> 10 | AN46: 103230528 | AO46: 8010310 | AP46: 95220218 | AQ46: 144.26 | AR46: 55005 | AS46: =RANK(AR46,AR$6:AR$48,0) -> 10
A47: 378 | B47: NÚKIB | C47: Národní úřad pro kybernetickou a informační bezpečnost | E47: 0 | F47: 0 | G47: 0 | H47: 0 | I47: 0 | J47: =RANK(I47,I$6:I$48,0) -> 24 | L47: 0 | M47: 0 | N47: 0 | O47: 0 | P47: 0 | Q47: =RANK(P47,P$6:P$48,0) -> 24 | R47: 0 | S47: 0 | T47: 0 | U47: 0 | V47: 0 | W47: =RANK(V47,V$6:V$48,0) -> 24 | AA47: 0 | AB47: 0 | AC47: 0 | AD47: 0 | AE47: 0 | AF47: =RANK(AE47,AE$6:AE$48,0) -> 24 | AH47: 0 | AI47: 0 | AJ47: 0 | AK47: 0 | AL47: 0 | AM47: =RANK(AL47,AL$6:AL$48,0) -> 25 | AN47: 0 | AO47: 0 | AP47: 0 | AQ47: 0 | AR47: 0 | AS47: =RANK(AR47,AR$6:AR$48,0) -> 25
A48: 381 | B48: NKÚ | C48: Nejvyšší kontrolní úřad | E48: 366875024 | F48: 32988794 | G48: 333886230 | H48: 485 | I48: 57369 | J48: =RANK(I48,I$6:I$48,0) -> 3 | L48: 366875024 | M48: 32988794 | N48: 333886230 | O48: 485 | P48: 57369 | Q48: =RANK(P48,P$6:P$48,0) -> 3 | R48: 352532243 | S48: 31009532 | T48: 3.2152271e+08 | U48: 433.12 | V48: 61862 | W48: =RANK(V48,V$6:V$48,0) -> 3 | AA48: 387824536 | AB48: 37243994 | AC48: 350580542 | AD48: 475 | AE48: 61505 | AF48: =RANK(AE48,AE$6:AE$48,0) -> 2 | AH48: 387824536 | AI48: 37243994 | AJ48: 350580542 | AK48: 475 | AL48: 61505 | AM48: =RANK(AL48,AL$6:AL$48,0) -> 2 | AN48: 384145688 | AO48: 33481326 | AP48: 350664362 | AQ48: 436.13 | AR48: 67003 | AS48: =RANK(AR48,AR$6:AR$48,0) -> 2
A49: Ostatní R O CELKEM
C50: C E L K E M | E50: =SUM(E5:E48) -> 24528100859 | F50: =SUM(F5:F48) -> 2135667567 | G50: =SUM(G5:G48) -> 22392433292 | H50: =SUM(H5:H48) -> 42649.44 | I50: =IF(H50=0,0,ROUND(G50/H50/12,0)) -> 43753 | J50: - | L50: =SUM(L5:L48) -> 25149457574 | M50: =SUM(M5:M48) -> 2274922691 | N50: =SUM(N5:N48) -> 22874534883 | O50: =SUM(O5:O48) -> 42777.34 | P50: =IF(O50=0,0,ROUND(N50/O50/12,0)) -> 44561 | Q50: - | R50: =SUM(R5:R48) -> 2.4373306e+10 | S50: =SUM(S5:S48) -> 2.1835828e+09 | T50: =SUM(T5:T48) -> 2.2189723e+10 | U50: =SUM(U5:U48) -> 40361.35 | V50: =IF(U50=0,0,ROUND(T50/U50/12,0)) -> 45815 | W50: - | AA50: =SUM(AA6:AA48) -> 26814923228 | AB50: =SUM(AB6:AB48) -> 2259877773 | AC50: =SUM(AC6:AC48) -> 24555045455 | AD50: =SUM(AD6:AD48) -> 43813.06 | AE50: =IF(AD50=0,0,ROUND(AC50/AD50/12,0)) -> 46704 | AF50: - | AH50: =SUM(AH6:AH48) -> 26437387831 | AI50: =SUM(AI6:AI48) -> 2289489677 | AJ50: =SUM(AJ6:AJ48) -> 24147898154 | AK50: =SUM(AK6:AK48) -> 44017.9 | AL50: =IF(AK50=0,0,ROUND(AJ50/AK50/12,0)) -> 45716 | AM50: - | AN50: =SUM(AN6:AN48) -> 2.650601e+10 | AO50: =SUM(AO6:AO48) -> 2.2377819e+09 | AP50: =SUM(AP6:AP48) -> 2.4268228e+10 | AQ50: =SUM(AQ6:AQ48) -> 41060.25 | AR50: =IF(AQ50=0,0,ROUND(AP50/AQ50/12,0)) -> 49253 | AS50: -
E53: =ROUND(E50,0)=ROUND(SUMAR!E11,0) -> TRUE | F53: =F50=SUMAR!F11 -> TRUE | G53: =G50=SUMAR!G11 -> TRUE | H53: =H50=SUMAR!H11 -> TRUE | I53: =ROUND(I50,0)=ROUND(SUMAR!I11,0) -> TRUE | L53: =ROUND(L50,0)=ROUND(SUMAR!L11,0) -> TRUE | M53: =M50=SUMAR!M11 -> TRUE | N53: =N50=SUMAR!N11 -> TRUE | O53: =O50=SUMAR!O11 -> TRUE | P53: =ROUND(P50,0)=ROUND(SUMAR!P11,0) -> TRUE | R53: =ROUND(R50,0)=ROUND(SUMAR!R11,0) -> TRUE | S53: =S50=SUMAR!S11 -> TRUE | T53: =T50=SUMAR!T11 -> TRUE | U53: =U50=SUMAR!U11 -> TRUE | V53: =ROUND(V50,0)=ROUND(SUMAR!V11,0) -> TRUE | AA53: =ROUND(AA50,0)=ROUND(SUMAR!AA11,0) -> TRUE | AB53: =AB50=SUMAR!AB11 -> TRUE | AC53: =AC50=SUMAR!AC11 -> TRUE | AD53: =AD50=SUMAR!AD11 -> TRUE | AE53: =ROUND(AE50,0)=ROUND(SUMAR!AE11,0) -> TRUE | AH53: =ROUND(AH50,0)=ROUND(SUMAR!AH11,0) -> TRUE | AI53: =AI50=SUMAR!AI11 -> TRUE | AJ53: =AJ50=SUMAR!AJ11 -> TRUE | AK53: =AK50=SUMAR!AK11 -> TRUE | AL53: =ROUND(AL50,0)=ROUND(SUMAR!AL11,0) -> TRUE | AN53: =ROUND(AN50,0)=ROUND(SUMAR!AN11,0) -> TRUE | AO53: =AO50=SUMAR!AO11 -> TRUE | AP53: =AP50=SUMAR!AP11 -> TRUE | AQ53: =AQ50=SUMAR!AQ11 -> TRUE | AR53: =ROUND(AR50,0)=ROUND(SUMAR!AR11,0) -> TRUE

Sheet STATNI SPRAVA
A1: Číslo rozp. Kapitol | B1: Název kapitoly | E1: SCHV. ROZPOČET 2024 | K1: INDEX Ø platu | L1: UPRAV. ROZPOČET 2024 | R1: SKUTEČNOST 2024 | X1: INDEX Ø platu | AA1: SCHV. ROZPOČET 2025 | AG1: INDEX Ø platu | AH1: UPRAV. ROZPOČET 2025 | AN1: SKUTEČNOST 2025 | AT1: INDEX Ø platu
C3: Rozpočtová | E3: PROSTŘEDKY NA PLATY A OPPP v Kč | F3: z toho : | H3: POČET ZAMĚSTANCŮ | I3: Ø měsíční plat v Kč | J3: Pořadí Ø měsíčního platu | K3: schv. 2017 ke schv. 2016 | L3: PROSTŘEDKY NA PLATY A OPPP v Kč | M3: z toho : | O3: POČET ZAMĚSTANCŮ | P3: Ø měsíční plat v Kč | Q3: Pořadí Ø měsíčního platu | R3: PROSTŘEDKY NA PLATY A OPPP v Kč | S3: z toho : | U3: POČET ZAMĚSTANCŮ | V3: Ø měsíční plat v Kč | W3: Pořadí Ø měsíčního platu | X3: skut. 2017 k uprav. rozp. 2017 | Y3: skut. 2017 ke skut. 2016 | AA3: PROSTŘEDKY NA PLATY A OPPP v Kč | AB3: z toho : | AD3: POČET ZAMĚSTANCŮ | AE3: Ø měsíční plat v Kč | AF3: Pořadí Ø měsíčního platu | AG3: schv. 2017 ke schv. 2016 | AH3: PROSTŘEDKY NA PLATY A OPPP v Kč | AI3: z toho : | AK3: POČET ZAMĚSTANCŮ | AL3: Ø měsíční plat v Kč | AM3: Pořadí Ø měsíčního platu | AN3: PROSTŘEDKY NA PLATY A OPPP v Kč | AO3: z toho : | AQ3: POČET ZAMĚSTANCŮ | AR3: Ø měsíční plat v Kč | AS3: Pořadí Ø měsíčního platu | AT3: skut. 2017 k uprav. rozp. 2017 | AU3: skut. 2017 ke skut. 2016
C4: kapitola | F4: OPPP v Kč | G4: PROSTŘEDKY NA PLATY | M4: OPPP v Kč | N4: PROSTŘEDKY NA PLATY | S4: OPPP v Kč | T4: PROSTŘEDKY NA PLATY | AB4: OPPP v Kč | AC4: PROSTŘEDKY NA PLATY | AI4: OPPP v Kč | AJ4: PROSTŘEDKY NA PLATY | AO4: OPPP v Kč | AP4: PROSTŘEDKY NA PLATY
A6: 301 | B6: KPR | C6: Kancelář prezidenta | E6: 0 | F6: 0 | G6: 0 | H6: 0 | I6: 0 | J6: =RANK(I6,I$6:I$49,0) -> 34 | L6: 0 | M6: 0 | N6: 0 | O6: 0 | P6: 0 | Q6: =RANK(P6,P$6:P$49,0) -> 33 | R6: 0 | S6: 0 | T6: 0 | U6: 0 | V6: 0 | W6: =RANK(V6,V$6:V$49,0) -> 33 | AA6: 0 | AB6: 0 | AC6: 0 | AD6: 0 | AE6: 0 | AF6: =RANK(AE6,AE$6:AE$49,0) -> 33 | AH6: 0 | AI6: 0 | AJ6: 0 | AK6: 0 | AL6: 0 | AM6: =RANK(AL6,AL$6:AL$49,0) -> 33 | AN6: 0 | AO6: 0 | AP6: 0 | AQ6: 0 | AR6: 0 | AS6: =RANK(AR6,AR$6:AR$49,0) -> 33
A7: 302 | B7: Kparl | C7: Parlament | E7: 0 | F7: 0 | G7: 0 | H7: 0 | I7: 0 | J7: =RANK(I7,I$6:I$49,0) -> 34 | L7: 0 | M7: 0 | N7: 0 | O7: 0 | P7: 0 | Q7: =RANK(P7,P$6:P$49,0) -> 33 | R7: 0 | S7: 0 | T7: 0 | U7: 0 | V7: 0 | W7: =RANK(V7,V$6:V$49,0) -> 33 | AA7: 0 | AB7: 0 | AC7: 0 | AD7: 0 | AE7: 0 | AF7: =RANK(AE7,AE$6:AE$49,0) -> 33 | AH7: 0 | AI7: 0 | AJ7: 0 | AK7: 0 | AL7: 0 | AM7: =RANK(AL7,AL$6:AL$49,0) -> 33 | AN7: 0 | AO7: 0 | AP7: 0 | AQ7: 0 | AR7: 0 | AS7: =RANK(AR7,AR$6:AR$49,0) -> 33
A8: 303 | B8: Ksen | C8: Kancelář Senátu | E8: 0 | F8: 0 | G8: 0 | H8: 0 | I8: 0 | J8: =RANK(I8,I$6:I$49,0) -> 34 | L8: 0 | M8: 0 | N8: 0 | O8: 0 | P8: 0 | Q8: =RANK(P8,P$6:P$49,0) -> 33 | R8: 0 | S8: 0 | T8: 0 | U8: 0 | V8: 0 | W8: =RANK(V8,V$6:V$49,0) -> 33 | AA8: 0 | AB8: 0 | AC8: 0 | AD8: 0 | AE8: 0 | AF8: =RANK(AE8,AE$6:AE$49,0) -> 33 | AH8: 0 | AI8: 0 | AJ8: 0 | AK8: 0 | AL8: 0 | AM8: =RANK(AL8,AL$6:AL$49,0) -> 33 | AN8: 0 | AO8: 0 | AP8: 0 | AQ8: 0 | AR8: 0 | AS8: =RANK(AR8,AR$6:AR$49,0) -> 33
A9: 304 | B9: ÚV | C9: Úřad vlády | E9: 465704149 | F9: 75110024 | G9: 390594125 | H9: 589 | I9: 55262 | J9: =RANK(I9,I$6:I$49,0) -> 5 | L9: 517187881 | M9: 85705212 | N9: 431482669 | O9: 583.79 | P9: 61592 | Q9: =RANK(P9,P$6:P$49,0) -> 3 | R9: 512218563 | S9: 92244335 | T9: 419974228 | U9: 549.44 | V9: 63697 | W9: =RANK(V9,V$6:V$49,0) -> 3 | AA9: 504163458 | AB9: 91738048 | AC9: 412425410 | AD9: 596.5 | AE9: 57617 | AF9: =RANK(AE9,AE$6:AE$49,0) -> 6 | AH9: 507542726 | AI9: 89538748 | AJ9: 418003978 | AK9: 584.25 | AL9: 59621 | AM9: =RANK(AL9,AL$6:AL$49,0) -> 3 | AN9: 518695257 | AO9: 79745871 | AP9: 438949386 | AQ9: 540.19 | AR9: 67715 | AS9: =RANK(AR9,AR$6:AR$49,0) -> 3
A10: 306 | B10: MZV | C10: Ministerstvo zahraničních věcí | E10: 1096358435 | F10: 7918296 | G10: 1088440139 | H10: 2014 | I10: 45036 | J10: =RANK(I10,I$6:I$49,0) -> 22 | L10: 1092352515 | M10: 7918296 | N10: 1084434219 | O10: 2007.66 | P10: 45012 | Q10: =RANK(P10,P$6:P$49,0) -> 24 | R10: 1089397609 | S10: 8725290 | T10: 1080672319 | U10: 1835.39 | V10: 49066 | W10: =RANK(V10,V$6:V$49,0) -> 22 | AA10: 1145139791 | AB10: 8238696 | AC10: 1136901095 | AD10: 2004 | AE10: 47276 | AF10: =RANK(AE10,AE$6:AE$49,0) -> 25 | AH10: 1141106072 | AI10: 10702192 | AJ10: 1130403880 | AK10: 2003.75 | AL10: 47012 | AM10: =RANK(AL10,AL$6:AL$49,0) -> 26 | AN10: 1.1357719e+09 | AO10: 7827759.4 | AP10: 1127944144 | AQ10: 1840.66 | AR10: 51066 | AS10: =RANK(AR10,AR$6:AR$49,0) -> 25
A11: 307 | B11: MO | C11: Ministerstvo obrany | E11: 1912186803 | F11: 53751465 | G11: 1858435338 | H11: 2691 | I11: 57551 | J11: =RANK(I11,I$6:I$49,0) -> 3 | L11: 1949525076 | M11: 54649465 | N11: 1894875611 | O11: 2691 | P11: 58679 | Q11: =RANK(P11,P$6:P$49,0) -> 4 | R11: 1838883964 | S11: 71170673 | T11: 1767713291 | U11: 2381.36 | V11: 61859 | W11: =RANK(V11,V$6:V$49,0) -> 5 | AA11: 2066507946 | AB11: 33071865 | AC11: 2033436081 | AD11: 2752 | AE11: 61574 | AF11: =RANK(AE11,AE$6:AE$49,0) -> 3 | AH11: 1984174286 | AI11: 33087865 | AJ11: 1951086421 | AK11: 2752 | AL11: 59081 | AM11: =RANK(AL11,AL$6:AL$49,0) -> 5 | AN11: 1959137302 | AO11: 61915080 | AP11: 1897222222 | AQ11: 2424.03 | AR11: 65223 | AS11: =RANK(AR11,AR$6:AR$49,0) -> 5
A12: 308 | B12: NBÚ | C12: Národní bezpečnostní úřad | E12: 169118073 | F12: 1420438 | G12: 167697635 | H12: 262 | I12: 53339 | J12: =RANK(I12,I$6:I$49,0) -> 9 | L12: 171118073 | M12: 1420438 | N12: 169697635 | O12: 262 | P12: 53975 | Q12: =RANK(P12,P$6:P$49,0) -> 10 | R12: 163305774 | S12: 1287300 | T12: 162018474 | U12: 235.18 | V12: 57409 | W12: =RANK(V12,V$6:V$49,0) -> 10 | AA12: 177502955 | AB12: 1420438 | AC12: 176082517 | AD12: 262 | AE12: 56006 | AF12: =RANK(AE12,AE$6:AE$49,0) -> 8 | AH12: 184411290 | AI12: 1420438 | AJ12: 182990852 | AK12: 262 | AL12: 58203 | AM12: =RANK(AL12,AL$6:AL$49,0) -> 7 | AN12: 182091638 | AO12: 2626566 | AP12: 179465072 | AQ12: 232.85 | AR12: 64228 | AS12: =RANK(AR12,AR$6:AR$49,0) -> 7
A13: 309 | B13: KVOP | C13: kancelář veřejného ochránce práv | E13: 0 | F13: 0 | G13: 0 | H13: 0 | I13: 0 | J13: =RANK(I13,I$6:I$49,0) -> 34 | L13: 0 | M13: 0 | N13: 0 | O13: 0 | P13: 0 | Q13: =RANK(P13,P$6:P$49,0) -> 33 | R13: 0 | S13: 0 | T13: 0 | U13: 0 | V13: 0 | W13: =RANK(V13,V$6:V$49,0) -> 33 | AA13: 0 | AB13: 0 | AC13: 0 | AD13: 0 | AE13: 0 | AF13: =RANK(AE13,AE$6:AE$49,0) -> 33 | AH13: 0 | AI13: 0 | AJ13: 0 | AK13: 0 | AL13: 0 | AM13: =RANK(AL13,AL$6:AL$49,0) -> 33 | AN13: 0 | AO13: 0 | AP13: 0 | AQ13: 0 | AR13: 0 | AS13: =RANK(AR13,AR$6:AR$49,0) -> 33
A14: 312 | B14: MF | C14: Ministerstvo financí | E14: 12101916949 | F14: 46580972 | G14: 12055335977 | H14: 21721 | I14: 46251 | J14: =RANK(I14,I$6:I$49,0) -> 21 | L14: 12112263490 | M14: 47423797 | N14: 12064839693 | O14: 21721.87 | P14: 46285 | Q14: =RANK(P14,P$6:P$49,0) -> 22 | R14: 1.1840674e+10 | S14: 73410354 | T14: 1.1767263e+10 | U14: 20034.76 | V14: 48945 | W14: =RANK(V14,V$6:V$49,0) -> 23 | AA14: 12727580802 | AB14: 46331416 | AC14: 12681249386 | AD14: 21578.667 | AE14: 48973 | AF14: =RANK(AE14,AE$6:AE$49,0) -> 24 | AH14: 12380493756 | AI14: 50064418 | AJ14: 12330429338 | AK14: 21593 | AL14: 47587 | AM14: =RANK(AL14,AL$6:AL$49,0) -> 25 | AN14: 1.2291609e+10 | AO14: 42123015 | AP14: 1.2249486e+10 | AQ14: 19794.75 | AR14: 51569 | AS14: =RANK(AR14,AR$6:AR$49,0) -> 24
A15: 313 | B15: MPSV | C15: Ministerstvo práce a sociálních věcí | E15: 9021184746 | F15: 52206922 | G15: 8968977824 | H15: 21894.55 | I15: 34137 | J15: =RANK(I15,I$6:I$49,0) -> 32 | L15: 10375102163 | M15: 250936662 | N15: 10124165501 | O15: 21064.25 | P15: 40053 | Q15: =RANK(P15,P$6:P$49,0) -> 30 | R15: 10336567554 | S15: 236840086 | T15: 10099727468 | U15: 20130.5 | V15: 41809 | W15: =RANK(V15,V$6:V$49,0) -> 30 | AA15: 9749782756 | AB15: 101070275 | AC15: 9648712481 | AD15: 21277 | AE15: 37790 | AF15: =RANK(AE15,AE$6:AE$49,0) -> 31 | AH15: 10618490368 | AI15: 117703005 | AJ15: 10500787363 | AK15: 21036.99 | AL15: 41597 | AM15: =RANK(AL15,AL$6:AL$49,0) -> 31 | AN15: 1.0472182e+10 | AO15: 118661353 | AP15: 1.035352e+10 | AQ15: 19665.91 | AR15: 43873 | AS15: =RANK(AR15,AR$6:AR$49,0) -> 31
A16: 314 | B16: MV | C16: Ministerstvo vnitra | E16: 39976867003 | F16: 325772771 | G16: 39651094232 | H16: 70819.21 | I16: 46658 | J16: =RANK(I16,I$6:I$49,0) -> 19 | L16: 40519498988 | M16: 493105450 | N16: 40026393538 | O16: 70980.57 | P16: 46992 | Q16: =RANK(P16,P$6:P$49,0) -> 20 | R16: 4.0582074e+10 | S16: 4.9920714e+08 | T16: 4.0082867e+10 | U16: 64158.25 | V16: 52063 | W16: =RANK(V16,V$6:V$49,0) -> 18 | AA16: 42889700591 | AB16: 376439943 | AC16: 42513260648 | AD16: 70972.51 | AE16: 49918 | AF16: =RANK(AE16,AE$6:AE$49,0) -> 21 | AH16: 43605401902 | AI16: 480943030 | AJ16: 43124458872 | AK16: 70867.89 | AL16: 50710 | AM16: =RANK(AL16,AL$6:AL$49,0) -> 20 | AN16: 4.3572279e+10 | AO16: 5.6157332e+08 | AP16: 4.3010705e+10 | AQ16: 64226.07 | AR16: 55806 | AS16: =RANK(AR16,AR$6:AR$49,0) -> 17
A17: 315 | B17: MŽP | C17: Ministerstvo životního prostředí | E17: 1156038538 | F17: 41250521 | G17: 1114788017 | H17: 1958.03 | I17: 47445 | J17: =RANK(I17,I$6:I$49,0) -> 18 | L17: 1242800385 | M17: 59301791 | N17: 1183498594 | O17: 1996.14 | P17: 49408 | Q17: =RANK(P17,P$6:P$49,0) -> 18 | R17: 1163282750 | S17: 50174238 | T17: 1113108512 | U17: 1849.35 | V17: 50158 | W17: =RANK(V17,V$6:V$49,0) -> 20 | AA17: 1287861049 | AB17: 42795470 | AC17: 1245065579 | AD17: 2020.14 | AE17: 51361 | AF17: =RANK(AE17,AE$6:AE$49,0) -> 19 | AH17: 1296310514 | AI17: 48292949 | AJ17: 1248017565 | AK17: 2050.95 | AL17: 50709 | AM17: =RANK(AL17,AL$6:AL$49,0) -> 21 | AN17: 1287381340 | AO17: 59538249 | AP17: 1227843091 | AQ17: 1926.28 | AR17: 53118 | AS17: =RANK(AR17,AR$6:AR$49,0) -> 21
... A39: 362 | B39: NSA | C39: Národní sportovní agentura | E39: 44751509 | F39: 7256000 | G39: 37495509 | H39: 75 | I39: 41662 | J39: =RANK(I39,I$6:I$49,0) -> 27 | L39: 55647603 | M39: 7256000 | N39: 48391603 | O39: 76.5 | P39: 52714 | Q39: =RANK(P39,P$6:P$49,0) -> 14 | R39: 54112609 | S39: 6769078 | T39: 47343531 | U39: 69.5 | V39: 56767 | W39: =RANK(V39,V$6:V$49,0) -> 11 | AA39: 58785983 | AB39: 7974800 | AC39: 50811183 | AD39: 78 | AE39: 54285 | AF39: =RANK(AE39,AE$6:AE$49,0) -> 15 | AH39: 61680984 | AI39: 7974800 | AJ39: 53706184 | AK39: 78 | AL39: 57378 | AM39: =RANK(AL39,AL$6:AL$49,0) -> 9 | AN39: 56777628 | AO39: 6986722 | AP39: 49790906 | AQ39: 72.14 | AR39: 57517 | AS39: =RANK(AR39,AR$6:AR$49,0) -> 15
A40: 364 | B40: DIA | E40: 206924933 | F40: 5033240 | G40: 201891693 | H40: 207.5 | I40: 81081 | J40: =RANK(I40,I$6:I$49,0) -> 1 | L40: 320697811 | M40: 27316337 | N40: 293381474 | O40: 318 | P40: 76882 | Q40: =RANK(P40,P$6:P$49,0) -> 1 | R40: 198051808 | S40: 19627971 | T40: 178423837 | U40: 212.01 | V40: 70132 | W40: =RANK(V40,V$6:V$49,0) -> 1 | AA40: 365737994 | AB40: 74543805 | AC40: 291194189 | AD40: 321 | AE40: 75596 | AF40: =RANK(AE40,AE$6:AE$49,0) -> 2 | AH40: 380322588 | AI40: 82421805 | AJ40: 297900783 | AK40: 327.83 | AL40: 75725 | AM40: =RANK(AL40,AL$6:AL$49,0) -> 2 | AN40: 284357859 | AO40: 32313529 | AP40: 252044330 | AQ40: 268.81 | AR40: 78136 | AS40: =RANK(AR40,AR$6:AR$49,0) -> 1
A41: 371 | B41: ÚDHPS | C41: Úřad pro dohled nad hospodařením politických stran a politických hnutí | E41: 16986049 | F41: 700000 | G41: 16286049 | H41: 19 | I41: 71430 | J41: =RANK(I41,I$6:I$49,0) -> 2 | L41: 16986049 | M41: 700000 | N41: 16286049 | O41: 19 | P41: 71430 | Q41: =RANK(P41,P$6:P$49,0) -> 2 | R41: 15266854 | S41: 37875 | T41: 15228979 | U41: 18.4 | V41: 68972 | W41: =RANK(V41,V$6:V$49,0) -> 2 | AA41: 19462623 | AB41: 700000 | AC41: 18762623 | AD41: 20 | AE41: 78178 | AF41: =RANK(AE41,AE$6:AE$49,0) -> 1 | AH41: 19462623 | AI41: 700000 | AJ41: 18762623 | AK41: 20 | AL41: 78178 | AM41: =RANK(AL41,AL$6:AL$49,0) -> 1 | AN41: 18094945 | AO41: 28125 | AP41: 18066820 | AQ41: 19.53 | AR41: 77090 | AS41: =RANK(AR41,AR$6:AR$49,0) -> 2
A42: 372 | B42: RRTV | C42: Rada pro rozhlasové a televizní vysílání | E42: 43284149 | F42: 17917296 | G42: 25366853 | H42: 48 | I42: 44040 | J42: =RANK(I42,I$6:I$49,0) -> 24 | L42: 42703882 | M42: 17337029 | N42: 25366853 | O42: 48 | P42: 44040 | Q42: =RANK(P42,P$6:P$49,0) -> 27 | R42: 41385445 | S42: 17272632 | T42: 24112813 | U42: 44 | V42: 45668 | W42: =RANK(V42,V$6:V$49,0) -> 27 | AA42: 48661592 | AB42: 20188896 | AC42: 28472696 | AD42: 48 | AE42: 49432 | AF42: =RANK(AE42,AE$6:AE$49,0) -> 22 | AH42: 48661592 | AI42: 20188896 | AJ42: 28472696 | AK42: 48 | AL42: 49432 | AM42: =RANK(AL42,AL$6:AL$49,0) -> 22 | AN42: 46443629 | AO42: 19556123 | AP42: 26887506 | AQ42: 43 | AR42: 52108 | AS42: =RANK(AR42,AR$6:AR$49,0) -> 23
A43: 373 | B43: ÚPDI | E43: 15140797 | F43: 300000 | G43: 14840797 | H43: 23 | I43: 53771 | J43: =RANK(I43,I$6:I$49,0) -> 8
A44: 374 | B44: SSHR | C44: Správa státních hmotných rezerv | E44: 205656880 | F44: 1357529 | G44: 204299351 | H44: 416 | I44: 40925 | J44: =RANK(I44,I$6:I$49,0) -> 29 | L44: 209421880 | M44: 1357529 | N44: 208064351 | O44: 416 | P44: 41680 | Q44: =RANK(P44,P$6:P$49,0) -> 28 | R44: 205569155 | S44: 1265364 | T44: 204303791 | U44: 373.85 | V44: 45540 | W44: =RANK(V44,V$6:V$49,0) -> 28 | AA44: 215014318 | AB44: 1357529 | AC44: 213656789 | AD44: 416 | AE44: 42800 | AF44: =RANK(AE44,AE$6:AE$49,0) -> 29 | AH44: 215014318 | AI44: 1357529 | AJ44: 213656789 | AK44: 416 | AL44: 42800 | AM44: =RANK(AL44,AL$6:AL$49,0) -> 29 | AN44: 218663897 | AO44: 1847377 | AP44: 216816520 | AQ44: 376.14 | AR44: 48035 | AS44: =RANK(AR44,AR$6:AR$49,0) -> 29
A45: 375 | B45: SÚJB | C45: Státní úřad pro jadernou bezpečnost | E45: 152152559 | F45: 2000700 | G45: 150151859 | H45: 218 | I45: 57397 | J45: =RANK(I45,I$6:I$49,0) -> 4 | L45: 152152559 | M45: 2000700 | N45: 150151859 | O45: 218 | P45: 57397 | Q45: =RANK(P45,P$6:P$49,0) -> 5 | R45: 150907206 | S45: 2792212 | T45: 148114994 | U45: 196.82 | V45: 62712 | W45: =RANK(V45,V$6:V$49,0) -> 4 | AA45: 170611915 | AB45: 2000700 | AC45: 168611215 | AD45: 237 | AE45: 59287 | AF45: =RANK(AE45,AE$6:AE$49,0) -> 4 | AH45: 170611915 | AI45: 2000700 | AJ45: 168611215 | AK45: 237 | AL45: 59287 | AM45: =RANK(AL45,AL$6:AL$49,0) -> 4 | AN45: 165650329 | AO45: 3194379 | AP45: 162455950 | AQ45: 204.75 | AR45: 66120 | AS45: =RANK(AR45,AR$6:AR$49,0) -> 4
A46: 376 | B46: GIBS | C46: Generální inspekce bezpečnostních sborů | E46: 0 | F46: 0 | G46: 0 | H46: 0 | I46: 0 | J46: =RANK(I46,I$6:I$49,0) -> 34 | L46: 0 | M46: 0 | N46: 0 | O46: 0 | P46: 0 | Q46: =RANK(P46,P$6:P$49,0) -> 33 | R46: 0 | S46: 0 | T46: 0 | U46: 0 | V46: 0 | W46: =RANK(V46,V$6:V$49,0) -> 33 | AA46: 0 | AB46: 0 | AC46: 0 | AD46: 0 | AE46: 0 | AF46: =RANK(AE46,AE$6:AE$49,0) -> 33 | AH46: 0 | AI46: 0 | AJ46: 0 | AK46: 0 | AL46: 0 | AM46: =RANK(AL46,AL$6:AL$49,0) -> 33 | AN46: 0 | AO46: 0 | AP46: 0 | AQ46: 0 | AR46: 0 | AS46: =RANK(AR46,AR$6:AR$49,0) -> 33
A47: 377 | B47: TAČR | C47: Technologická agentura ČR | E47: 0 | F47: 0 | G47: 0 | H47: 0 | I47: 0 | J47: =RANK(I47,I$6:I$49,0) -> 34 | L47: 0 | M47: 0 | N47: 0 | O47: 0 | P47: 0 | Q47: =RANK(P47,P$6:P$49,0) -> 33 | R47: 0 | S47: 0 | T47: 0 | U47: 0 | V47: 0 | W47: =RANK(V47,V$6:V$49,0) -> 33 | AA47: 0 | AB47: 0 | AC47: 0 | AD47: 0 | AE47: 0 | AF47: =RANK(AE47,AE$6:AE$49,0) -> 33 | AH47: 0 | AI47: 0 | AJ47: 0 | AK47: 0 | AL47: 0 | AM47: =RANK(AL47,AL$6:AL$49,0) -> 33 | AN47: 0 | AO47: 0 | AP47: 0 | AQ47: 0 | AR47: 0 | AS47: =RANK(AR47,AR$6:AR$49,0) -> 33
A48: 378 | B48: NÚKIB | C48: Národní úřad pro kybernetickou a informační bezpečnost | E48: 239467965 | F48: 803648 | G48: 238664317 | H48: 373 | I48: 53321 | J48: =RANK(I48,I$6:I$49,0) -> 10 | L48: 239687745 | M48: 803648 | N48: 238884097 | O48: 373 | P48: 53370 | Q48: =RANK(P48,P$6:P$49,0) -> 12 | R48: 239020211 | S48: 1894625 | T48: 237125586 | U48: 357.23 | V48: 55316 | W48: =RANK(V48,V$6:V$49,0) -> 14 | AA48: 259183747 | AB48: 803648 | AC48: 258380099 | AD48: 385 | AE48: 55926 | AF48: =RANK(AE48,AE$6:AE$49,0) -> 9 | AH48: 261641226 | AI48: 941502 | AJ48: 260699724 | AK48: 385.17 | AL48: 56404 | AM48: =RANK(AL48,AL$6:AL$49,0) -> 12 | AN48: 259017236 | AO48: 3805621 | AP48: 255211615 | AQ48: 364.76 | AR48: 58306 | AS48: =RANK(AR48,AR$6:AR$49,0) -> 14
A49: 381 | B49: NKÚ | C49: Nejvyšší kontrolní úřad | E49: 0 | F49: 0 | G49: 0 | H49: 0 | I49: 0 | J49: =RANK(I49,I$6:I$49,0) -> 34 | L49: 0 | M49: 0 | N49: 0 | O49: 0 | P49: 0 | Q49: =RANK(P49,P$6:P$49,0) -> 33 | R49: 0 | S49: 0 | T49: 0 | U49: 0 | V49: 0 | W49: =RANK(V49,V$6:V$49,0) -> 33 | AA49: 0 | AB49: 0 | AC49: 0 | AD49: 0 | AE49: 0 | AF49: =RANK(AE49,AE$6:AE$49,0) -> 33 | AH49: 0 | AI49: 0 | AJ49: 0 | AK49: 0 | AL49: 0 | AM49: =RANK(AL49,AL$6:AL$49,0) -> 33 | AN49: 0 | AO49: 0 | AP49: 0 | AQ49: 0 | AR49: 0 | AS49: =RANK(AR49,AR$6:AR$49,0) -> 33
A50: STÁTNÍ SPRÁVA CELKEM
C51: C E L K E M | E51: =SUM(E5:E49) -> 97837931981 | F51: =SUM(F5:F49) -> 7401861057 | G51: =SUM(G5:G49) -> 90436070924 | H51: =SUM(H5:H49) -> 169317.84 | I51: =IF(H51=0,0,ROUND(G51/H51/12,0)) -> 44510 | J51: - | L51: =SUM(L5:L49) -> 101152809360 | M51: =SUM(M5:M49) -> 8176407015 | N51: =SUM(N5:N49) -> 92976402345 | O51: =SUM(O5:O49) -> 168157.01 | P51: =IF(O51=0,0,ROUND(N51/O51/12,0)) -> 46076 | Q51: - | R51: =SUM(R5:R49) -> 1.0049369e+11 | S51: =SUM(S5:S49) -> 8.1922521e+09 | T51: =SUM(T5:T49) -> 9.2301442e+10 | U51: =SUM(U5:U49) -> 155327.66 | V51: =IF(U51=0,0,ROUND(T51/U51/12,0)) -> 49520 | W51: - | AA51: =SUM(AA6:AA49) -> 105730563770 | AB51: =SUM(AB6:AB49) -> 8017431201 | AC51: =SUM(AC6:AC49) -> 97713132569 | AD51: =SUM(AD6:AD49) -> 168373.81 | AE51: =IF(AD51=0,0,ROUND(AC51/AD51/12,0)) -> 48361 | AF51: - | AH51: =SUM(AH6:AH49) -> 107277787244 | AI51: =SUM(AI6:AI49) -> 8552980528 | AJ51: =SUM(AJ6:AJ49) -> 98724806716 | AK51: =SUM(AK6:AK49) -> 167818.14 | AL51: =IF(AK51=0,0,ROUND(AJ51/AK51/12,0)) -> 49024 | AM51: - | AN51: =SUM(AN6:AN49) -> 1.0697885e+11 | AO51: =SUM(AO6:AO49) -> 8.5889976e+09 | AP51: =SUM(AP6:AP49) -> 9.8389849e+10 | AQ51: =SUM(AQ6:AQ49) -> 154566.04 | AR51: =IF(AQ51=0,0,ROUND(AP51/AQ51/12,0)) -> 53046 | AS51: -
E54: =E51=SUMAR!E10 -> TRUE | F54: =F51=SUMAR!F10 -> TRUE | G54: =G51=SUMAR!G10 -> TRUE | H54: =H51=SUMAR!H10 -> TRUE | I54: =ROUND(I51,0)=ROUND(SUMAR!I10,0) -> TRUE | L54: =L51=SUMAR!L10 -> TRUE | M54: =M51=SUMAR!M10 -> TRUE | N54: =N51=SUMAR!N10 -> TRUE | O54: =O51=SUMAR!O10 -> TRUE | P54: =ROUND(P51,0)=ROUND(SUMAR!P10,0) -> TRUE | R54: =R51=SUMAR!R10 -> TRUE | S54: =S51=SUMAR!S10 -> TRUE | T54: =T51=SUMAR!T10 -> TRUE | U54: =U51=SUMAR!U10 -> TRUE | V54: =ROUND(V51,0)=ROUND(SUMAR!V10,0) -> TRUE | AA54: =ROUND(AA51,0)=ROUND(SUMAR!AA10,0) -> TRUE | AB54: =ROUND(AB51,0)=ROUND(SUMAR!AB10,0) -> TRUE | AC54: =ROUND(AC51,0)=ROUND(SUMAR!AC10,0) -> TRUE | AD54: =ROUND(AD51,0)=ROUND(SUMAR!AD10,0) -> TRUE | AE54: =ROUND(AE51,0)=ROUND(SUMAR!AE10,0) -> TRUE | AH54: =ROUND(AH51,0)=ROUND(SUMAR!AH10,0) -> TRUE | AI54: =ROUND(AI51,0)=ROUND(SUMAR!AI10,0) -> TRUE | AJ54: =ROUND(AJ51,0)=ROUND(SUMAR!AJ10,0) -> TRUE | AK54: =ROUND(AK51,0)=ROUND(SUMAR!AK10,0) -> TRUE | AL54: =ROUND(AL51,0)=ROUND(SUMAR!AL10,0) -> TRUE | AN54: =ROUND(AN51,0)=ROUND(SUMAR!AN10,0) -> TRUE | AO54: =ROUND(AO51,0)=ROUND(SUMAR!AO10,0) -> TRUE | AP54: =ROUND(AP51,0)=ROUND(SUMAR!AP10,0) -> TRUE | AQ54: =ROUND(AQ51,0)=ROUND(SUMAR!AQ10,0) -> TRUE | AR54: =ROUND(AR51,0)=ROUND(SUMAR!AR10,0) -> TRUE

Sheet UO
A1: Číslo rozp. Kapitol | B1: Název kapitoly | E1: SCHV. ROZPOČET 2024 | K1: INDEX Ø platu | L1: UPRAV. ROZPOČET 2024 | R1: SKUTEČNOST 2024 | X1: INDEX Ø platu | AA1: SCHV. ROZPOČET 2025 | AG1: INDEX Ø platu | AH1: UPRAV. ROZPOČET 2025 | AN1: SKUTEČNOST 2025 | AT1: INDEX Ø platu
C3: Rozpočtová | E3: PROSTŘEDKY NA PLATY A OPPP v Kč | F3: z toho : | H3: POČET ZAMĚSTANCŮ | I3: Ø měsíční plat v Kč | J3: Pořadí Ø měsíčního platu | K3: schv. 2017 ke schv. 2016 | L3: PROSTŘEDKY NA PLATY A OPPP v Kč | M3: z toho : | O3: POČET ZAMĚSTANCŮ | P3: Ø měsíční plat v Kč | Q3: Pořadí Ø měsíčního platu | R3: PROSTŘEDKY NA PLATY A OPPP v Kč | S3: z toho : | U3: POČET ZAMĚSTANCŮ | V3: Ø měsíční plat v Kč | W3: Pořadí Ø měsíčního platu | X3: skut. 2017 k uprav. rozp. 2017 | Y3: skut. 2017 ke skut. 2016 | AA3: PROSTŘEDKY NA PLATY A OPPP v Kč | AB3: z toho : | AD3: POČET ZAMĚSTANCŮ | AE3: Ø měsíční plat v Kč | AF3: Pořadí Ø měsíčního platu | AG3: schv. 2017 ke schv. 2016 | AH3: PROSTŘEDKY NA PLATY A OPPP v Kč | AI3: z toho : | AK3: POČET ZAMĚSTANCŮ | AL3: Ø měsíční plat v Kč | AM3: Pořadí Ø měsíčního platu | AN3: PROSTŘEDKY NA PLATY A OPPP v Kč | AO3: z toho : | AQ3: POČET ZAMĚSTANCŮ | AR3: Ø měsíční plat v Kč | AS3: Pořadí Ø měsíčního platu | AT3: skut. 2017 k uprav. rozp. 2017 | AU3: skut. 2017 ke skut. 2016
C4: kapitola | F4: OPPP v Kč | G4: PROSTŘEDKY NA PLATY | M4: OPPP v Kč | N4: PROSTŘEDKY NA PLATY | S4: OPPP v Kč | T4: PROSTŘEDKY NA PLATY | AB4: OPPP v Kč | AC4: PROSTŘEDKY NA PLATY | AI4: OPPP v Kč | AJ4: PROSTŘEDKY NA PLATY | AO4: OPPP v Kč | AP4: PROSTŘEDKY NA PLATY
A6: 301 | B6: KPR | C6: Kancelář prezidenta | E6: 0 | F6: 0 | G6: 0 | H6: 0 | I6: 0 | J6: =RANK(I6,I$6:I$49,0) -> 33 | L6: 0 | M6: 0 | N6: 0 | O6: 0 | P6: 0 | Q6: =RANK(P6,P$6:P$49,0) -> 32 | R6: 0 | S6: 0 | T6: 0 | U6: 0 | V6: 0 | W6: =RANK(V6,V$6:V$49,0) -> 32 | AA6: 0 | AB6: 0 | AC6: 0 | AD6: 0 | AE6: 0 | AF6: =RANK(AE6,AE$6:AE$49,0) -> 32 | AH6: 0 | AI6: 0 | AJ6: 0 | AK6: 0 | AL6: 0 | AM6: =RANK(AL6,AL$6:AL$49,0) -> 32 | AN6: 0 | AO6: 0 | AP6: 0 | AQ6: 0 | AR6: 0 | AS6: =RANK(AR6,AR$6:AR$49,0) -> 32 | AT6: 115.97249 | AU6: 102.40099
A7: 302 | B7: Kparl | C7: Parlament | E7: 0 | F7: 0 | G7: 0 | H7: 0 | I7: 0 | J7: =RANK(I7,I$6:I$49,0) -> 33 | L7: 0 | M7: 0 | N7: 0 | O7: 0 | P7: 0 | Q7: =RANK(P7,P$6:P$49,0) -> 32 | R7: 0 | S7: 0 | T7: 0 | U7: 0 | V7: 0 | W7: =RANK(V7,V$6:V$49,0) -> 32 | AA7: 0 | AB7: 0 | AC7: 0 | AD7: 0 | AE7: 0 | AF7: =RANK(AE7,AE$6:AE$49,0) -> 32 | AH7: 0 | AI7: 0 | AJ7: 0 | AK7: 0 | AL7: 0 | AM7: =RANK(AL7,AL$6:AL$49,0) -> 32 | AN7: 0 | AO7: 0 | AP7: 0 | AQ7: 0 | AR7: 0 | AS7: =RANK(AR7,AR$6:AR$49,0) -> 32
A8: 303 | B8: Ksen | C8: Kancelář Senátu | E8: 0 | F8: 0 | G8: 0 | H8: 0 | I8: 0 | J8: =RANK(I8,I$6:I$49,0) -> 33 | L8: 0 | M8: 0 | N8: 0 | O8: 0 | P8: 0 | Q8: =RANK(P8,P$6:P$49,0) -> 32 | R8: 0 | S8: 0 | T8: 0 | U8: 0 | V8: 0 | W8: =RANK(V8,V$6:V$49,0) -> 32 | AA8: 0 | AB8: 0 | AC8: 0 | AD8: 0 | AE8: 0 | AF8: =RANK(AE8,AE$6:AE$49,0) -> 32 | AH8: 0 | AI8: 0 | AJ8: 0 | AK8: 0 | AL8: 0 | AM8: =RANK(AL8,AL$6:AL$49,0) -> 32 | AN8: 0 | AO8: 0 | AP8: 0 | AQ8: 0 | AR8: 0 | AS8: =RANK(AR8,AR$6:AR$49,0) -> 32
A9: 304 | B9: ÚV | C9: Úřad vlády | E9: 465704149 | F9: 75110024 | G9: 390594125 | H9: 589 | I9: 55262 | J9: =RANK(I9,I$6:I$49,0) -> 9 | L9: 517187881 | M9: 85705212 | N9: 431482669 | O9: 583.79 | P9: 61592 | Q9: =RANK(P9,P$6:P$49,0) -> 4 | R9: 512218563 | S9: 92244335 | T9: 419974228 | U9: 549.44 | V9: 63697 | W9: =RANK(V9,V$6:V$49,0) -> 6 | AA9: 504163458 | AB9: 91738048 | AC9: 412425410 | AD9: 596.5 | AE9: 57617 | AF9: =RANK(AE9,AE$6:AE$49,0) -> 12 | AH9: 507542726 | AI9: 89538748 | AJ9: 418003978 | AK9: 584.25 | AL9: 59621 | AM9: =RANK(AL9,AL$6:AL$49,0) -> 7 | AN9: 518695257 | AO9: 79745871 | AP9: 438949386 | AQ9: 540.19 | AR9: 67715 | AS9: =RANK(AR9,AR$6:AR$49,0) -> 5
A10: 306 | B10: MZV | C10: Ministerstvo zahraničních věcí | E10: 1096358435 | F10: 7918296 | G10: 1088440139 | H10: 2014 | I10: 45036 | J10: =RANK(I10,I$6:I$49,0) -> 27 | L10: 1092352515 | M10: 7918296 | N10: 1084434219 | O10: 2007.66 | P10: 45012 | Q10: =RANK(P10,P$6:P$49,0) -> 28 | R10: 1089397609 | S10: 8725290 | T10: 1080672319 | U10: 1835.39 | V10: 49066 | W10: =RANK(V10,V$6:V$49,0) -> 27 | AA10: 1145139791 | AB10: 8238696 | AC10: 1136901095 | AD10: 2004 | AE10: 47276 | AF10: =RANK(AE10,AE$6:AE$49,0) -> 29 | AH10: 1141106072 | AI10: 10702192 | AJ10: 1130403880 | AK10: 2003.75 | AL10: 47012 | AM10: =RANK(AL10,AL$6:AL$49,0) -> 30 | AN10: 1.1357719e+09 | AO10: 7827759.4 | AP10: 1127944144 | AQ10: 1840.66 | AR10: 51066 | AS10: =RANK(AR10,AR$6:AR$49,0) -> 29
A11: 307 | B11: MO | C11: Ministerstvo obrany | E11: 1391209411 | F11: 43579040 | G11: 1347630371 | H11: 1857 | I11: 60475 | J11: =RANK(I11,I$6:I$49,0) -> 4 | L11: 1418575454 | M11: 43622040 | N11: 1374953414 | O11: 1857 | P11: 61701 | Q11: =RANK(P11,P$6:P$49,0) -> 3 | R11: 1361242106 | S11: 47958513 | T11: 1313283593 | U11: 1649.71 | V11: 66339 | W11: =RANK(V11,V$6:V$49,0) -> 4 | AA11: 1470278995 | AB11: 23899440 | AC11: 1446379555 | AD11: 1860 | AE11: 64802 | AF11: =RANK(AE11,AE$6:AE$49,0) -> 4 | AH11: 1430245125 | AI11: 23915440 | AJ11: 1406329685 | AK11: 1860 | AL11: 63008 | AM11: =RANK(AL11,AL$6:AL$49,0) -> 5 | AN11: 1442671512 | AO11: 45149120 | AP11: 1397522392 | AQ11: 1661.2 | AR11: 70106 | AS11: =RANK(AR11,AR$6:AR$49,0) -> 3
A12: 308 | B12: NBÚ | C12: Národní bezpečnostní úřad | E12: 169118073 | F12: 1420438 | G12: 167697635 | H12: 262 | I12: 53339 | J12: =RANK(I12,I$6:I$49,0) -> 13 | L12: 171118073 | M12: 1420438 | N12: 169697635 | O12: 262 | P12: 53975 | Q12: =RANK(P12,P$6:P$49,0) -> 14 | R12: 163305774 | S12: 1287300 | T12: 162018474 | U12: 235.18 | V12: 57409 | W12: =RANK(V12,V$6:V$49,0) -> 18 | AA12: 177502955 | AB12: 1420438 | AC12: 176082517 | AD12: 262 | AE12: 56006 | AF12: =RANK(AE12,AE$6:AE$49,0) -> 16 | AH12: 184411290 | AI12: 1420438 | AJ12: 182990852 | AK12: 262 | AL12: 58203 | AM12: =RANK(AL12,AL$6:AL$49,0) -> 10 | AN12: 182091638 | AO12: 2626566 | AP12: 179465072 | AQ12: 232.85 | AR12: 64228 | AS12: =RANK(AR12,AR$6:AR$49,0) -> 9
A13: 309 | B13: KVOP | C13: kancelář veřejného ochránce práv | E13: 0 | F13: 0 | G13: 0 | H13: 0 | I13: 0 | J13: =RANK(I13,I$6:I$49,0) -> 33 | L13: 0 | M13: 0 | N13: 0 | O13: 0 | P13: 0 | Q13: =RANK(P13,P$6:P$49,0) -> 32 | R13: 0 | S13: 0 | T13: 0 | U13: 0 | V13: 0 | W13: =RANK(V13,V$6:V$49,0) -> 32 | AA13: 0 | AB13: 0 | AC13: 0 | AD13: 0 | AE13: 0 | AF13: =RANK(AE13,AE$6:AE$49,0) -> 32 | AH13: 0 | AI13: 0 | AJ13: 0 | AK13: 0 | AL13: 0 | AM13: =RANK(AL13,AL$6:AL$49,0) -> 32 | AN13: 0 | AO13: 0 | AP13: 0 | AQ13: 0 | AR13: 0 | AS13: =RANK(AR13,AR$6:AR$49,0) -> 32
A14: 312 | B14: MF | C14: Ministerstvo financí | E14: 1054138660 | F14: 21584667 | G14: 1032553993 | H14: 1420 | I14: 60596 | J14: =RANK(I14,I$6:I$49,0) -> 3 | L14: 1058518444 | M14: 21896905 | N14: 1036621539 | O14: 1409.87 | P14: 61272 | Q14: =RANK(P14,P$6:P$49,0) -> 5 | R14: 1.0402715e+09 | S14: 22535643 | T14: 1.0177358e+09 | U14: 1269.34 | V14: 66815 | W14: =RANK(V14,V$6:V$49,0) -> 3 | AA14: 1150689995 | AB14: 21335111 | AC14: 1129354884 | AD14: 1413.6667 | AE14: 66574 | AF14: =RANK(AE14,AE$6:AE$49,0) -> 3 | AH14: 1127453209 | AI14: 23248489 | AJ14: 1104204720 | AK14: 1419 | AL14: 64846 | AM14: =RANK(AL14,AL$6:AL$49,0) -> 3 | AN14: 1.0894777e+09 | AO14: 21666104 | AP14: 1.0678116e+09 | AQ14: 1276.3 | AR14: 69721 | AS14: =RANK(AR14,AR$6:AR$49,0) -> 4
A15: 313 | B15: MPSV | C15: Ministerstvo práce a sociálních věcí | E15: 858111189 | F15: 27900168 | G15: 830211021 | H15: 1443.1 | I15: 47941 | J15: =RANK(I15,I$6:I$49,0) -> 24 | L15: 973641411 | M15: 54418308 | N15: 919223103 | O15: 1447.93 | P15: 52904 | Q15: =RANK(P15,P$6:P$49,0) -> 18 | R15: 955898357 | S15: 54427951 | T15: 901470406 | U15: 1252.22 | V15: 59991 | W15: =RANK(V15,V$6:V$49,0) -> 11 | AA15: 1051322451 | AB15: 56763521 | AC15: 994558930 | AD15: 1456.6 | AE15: 56900 | AF15: =RANK(AE15,AE$6:AE$49,0) -> 13 | AH15: 1117772031 | AI15: 59856690 | AJ15: 1057915341 | AK15: 1614.35 | AL15: 54610 | AM15: =RANK(AL15,AL$6:AL$49,0) -> 21 | AN15: 1093242466 | AO15: 61043048 | AP15: 1032199418 | AQ15: 1383.52 | AR15: 62172 | AS15: =RANK(AR15,AR$6:AR$49,0) -> 16
A16: 314 | B16: MV | C16: Ministerstvo vnitra | E16: 7869409025 | F16: 156449644 | G16: 7712959381 | H16: 13750.21 | I16: 46744 | J16: =RANK(I16,I$6:I$49,0) -> 25 | L16: 7847649637 | M16: 200399658 | N16: 7647249979 | O16: 13839.82 | P16: 46046 | Q16: =RANK(P16,P$6:P$49,0) -> 26 | R16: 7.7428614e+09 | S16: 1.7320444e+08 | T16: 7.569657e+09 | U16: 10909.88 | V16: 57820 | W16: =RANK(V16,V$6:V$49,0) -> 16 | AA16: 8392598149 | AB16: 207366396 | AC16: 8185231753 | AD16: 13813.64 | AE16: 49379 | AF16: =RANK(AE16,AE$6:AE$49,0) -> 27 | AH16: 8252010956 | AI16: 217117929 | AJ16: 8034893027 | AK16: 12798.76 | AL16: 52316 | AM16: =RANK(AL16,AL$6:AL$49,0) -> 25 | AN16: 8.2584205e+09 | AO16: 2.0633663e+08 | AP16: 8.0520838e+09 | AQ16: 10876.61 | AR16: 61693 | AS16: =RANK(AR16,AR$6:AR$49,0) -> 17
A17: 315 | B17: MŽP | C17: Ministerstvo životního prostředí | E17: 478719638 | F17: 12181130 | G17: 466538508 | H17: 683.73 | I17: 56862 | J17: =RANK(I17,I$6:I$49,0) -> 6 | L17: 514683407 | M17: 22951130 | N17: 491732277 | O17: 692.36 | P17: 59186 | Q17: =RANK(P17,P$6:P$49,0) -> 9 | R17: 492425498 | S17: 22277616 | T17: 470147882 | U17: 630.07 | V17: 62182 | W17: =RANK(V17,V$6:V$49,0) -> 8 | AA17: 531800501 | AB17: 14133666 | AC17: 517666835 | AD17: 701 | AE17: 61539 | AF17: =RANK(AE17,AE$6:AE$49,0) -> 5 | AH17: 539106934 | AI17: 16662916 | AJ17: 522444018 | AK17: 709.29 | AL17: 61381 | AM17: =RANK(AL17,AL$6:AL$49,0) -> 6 | AN17: 534279834 | AO17: 22318977 | AP17: 511960857 | AQ17: 656.37 | AR17: 64999 | AS17: =RANK(AR17,AR$6:AR$49,0) -> 8
A18: 317 | B18: MMR | C18: Ministerstvo pro místní rozvoj | E18: 606158053 | F18: 51264683 | G18: 554893370 | H18: 857.11 | I18: 53950 | J18: =RANK(I18,I$6:I$49,0) -> 11 | L18: 629706623 | M18: 58523631 | N18: 571182992 | O18: 889.81 | P18: 53493 | Q18: =RANK(P18,P$6:P$49,0) -> 15 | R18: 6.0500689e+08 | S18: 37593505 | T18: 567413383 | U18: 789.01 | V18: 59929 | W18: =RANK(V18,V$6:V$49,0) -> 12 | AA18: 618524340 | AB18: 44454560 | AC18: 574069780 | AD18: 858.24 | AE18: 55741 | AF18: =RANK(AE18,AE$6:AE$49,0) -> 18 | AH18: 665807860 | AI18: 55044689 | AJ18: 610763171 | AK18: 906.24 | AL18: 56163 | AM18: =RANK(AL18,AL$6:AL$49,0) -> 18 | AN18: 6.4786513e+08 | AO18: 43312999 | AP18: 6.0455213e+08 | AQ18: 794.83 | AR18: 63384 | AS18: =RANK(AR18,AR$6:AR$49,0) -> 11
... A39: 362 | B39: NSA | C39: Národní sportovní agentura | E39: 44751509 | F39: 7256000 | G39: 37495509 | H39: 75 | I39: 41662 | J39: =RANK(I39,I$6:I$49,0) -> 31 | L39: 55647603 | M39: 7256000 | N39: 48391603 | O39: 76.5 | P39: 52714 | Q39: =RANK(P39,P$6:P$49,0) -> 20 | R39: 54112609 | S39: 6769078 | T39: 47343531 | U39: 69.5 | V39: 56767 | W39: =RANK(V39,V$6:V$49,0) -> 19 | AA39: 58785983 | AB39: 7974800 | AC39: 50811183 | AD39: 78 | AE39: 54285 | AF39: =RANK(AE39,AE$6:AE$49,0) -> 24 | AH39: 61680984 | AI39: 7974800 | AJ39: 53706184 | AK39: 78 | AL39: 57378 | AM39: =RANK(AL39,AL$6:AL$49,0) -> 13 | AN39: 56777628 | AO39: 6986722 | AP39: 49790906 | AQ39: 72.14 | AR39: 57517 | AS39: =RANK(AR39,AR$6:AR$49,0) -> 24
A40: 364 | B40: DIA | E40: 206924933 | F40: 5033240 | G40: 201891693 | H40: 207.5 | I40: 81081 | J40: =RANK(I40,I$6:I$49,0) -> 1 | L40: 320697811 | M40: 27316337 | N40: 293381474 | O40: 318 | P40: 76882 | Q40: =RANK(P40,P$6:P$49,0) -> 1 | R40: 198051808 | S40: 19627971 | T40: 178423837 | U40: 212.01 | V40: 70132 | W40: =RANK(V40,V$6:V$49,0) -> 1 | AA40: 365737994 | AB40: 74543805 | AC40: 291194189 | AD40: 321 | AE40: 75596 | AF40: =RANK(AE40,AE$6:AE$49,0) -> 2 | AH40: 380322588 | AI40: 82421805 | AJ40: 297900783 | AK40: 327.83 | AL40: 75725 | AM40: =RANK(AL40,AL$6:AL$49,0) -> 2 | AN40: 284357859 | AO40: 32313529 | AP40: 252044330 | AQ40: 268.81 | AR40: 78136 | AS40: =RANK(AR40,AR$6:AR$49,0) -> 1
A41: 371 | B41: ÚDHPS | C41: Úřad pro dohled nad hospodařením politických stran a politických hnutí | E41: 16986049 | F41: 700000 | G41: 16286049 | H41: 19 | I41: 71430 | J41: =RANK(I41,I$6:I$49,0) -> 2 | L41: 16986049 | M41: 700000 | N41: 16286049 | O41: 19 | P41: 71430 | Q41: =RANK(P41,P$6:P$49,0) -> 2 | R41: 15266854 | S41: 37875 | T41: 15228979 | U41: 18.4 | V41: 68972 | W41: =RANK(V41,V$6:V$49,0) -> 2 | AA41: 19462623 | AB41: 700000 | AC41: 18762623 | AD41: 20 | AE41: 78178 | AF41: =RANK(AE41,AE$6:AE$49,0) -> 1 | AH41: 19462623 | AI41: 700000 | AJ41: 18762623 | AK41: 20 | AL41: 78178 | AM41: =RANK(AL41,AL$6:AL$49,0) -> 1 | AN41: 18094945 | AO41: 28125 | AP41: 18066820 | AQ41: 19.53 | AR41: 77090 | AS41: =RANK(AR41,AR$6:AR$49,0) -> 2
A42: 372 | B42: RRTV | C42: Rada pro rozhlasové a televizní vysílání | E42: 43284149 | F42: 17917296 | G42: 25366853 | H42: 48 | I42: 44040 | J42: =RANK(I42,I$6:I$49,0) -> 28 | L42: 42703882 | M42: 17337029 | N42: 25366853 | O42: 48 | P42: 44040 | Q42: =RANK(P42,P$6:P$49,0) -> 30 | R42: 41385445 | S42: 17272632 | T42: 24112813 | U42: 44 | V42: 45668 | W42: =RANK(V42,V$6:V$49,0) -> 30 | AA42: 48661592 | AB42: 20188896 | AC42: 28472696 | AD42: 48 | AE42: 49432 | AF42: =RANK(AE42,AE$6:AE$49,0) -> 26 | AH42: 48661592 | AI42: 20188896 | AJ42: 28472696 | AK42: 48 | AL42: 49432 | AM42: =RANK(AL42,AL$6:AL$49,0) -> 27 | AN42: 46443629 | AO42: 19556123 | AP42: 26887506 | AQ42: 43 | AR42: 52108 | AS42: =RANK(AR42,AR$6:AR$49,0) -> 28
A43: 373 | B43: ÚPDI | E43: 15140797 | F43: 300000 | G43: 14840797 | H43: 23 | I43: 53771 | J43: =RANK(I43,I$6:I$49,0) -> 12
A44: 374 | B44: SSHR | C44: Správa státních hmotných rezerv | E44: 205656880 | F44: 1357529 | G44: 204299351 | H44: 416 | I44: 40925 | J44: =RANK(I44,I$6:I$49,0) -> 32 | L44: 209421880 | M44: 1357529 | N44: 208064351 | O44: 416 | P44: 41680 | Q44: =RANK(P44,P$6:P$49,0) -> 31 | R44: 205569155 | S44: 1265364 | T44: 204303791 | U44: 373.85 | V44: 45540 | W44: =RANK(V44,V$6:V$49,0) -> 31 | AA44: 215014318 | AB44: 1357529 | AC44: 213656789 | AD44: 416 | AE44: 42800 | AF44: =RANK(AE44,AE$6:AE$49,0) -> 31 | AH44: 215014318 | AI44: 1357529 | AJ44: 213656789 | AK44: 416 | AL44: 42800 | AM44: =RANK(AL44,AL$6:AL$49,0) -> 31 | AN44: 218663897 | AO44: 1847377 | AP44: 216816520 | AQ44: 376.14 | AR44: 48035 | AS44: =RANK(AR44,AR$6:AR$49,0) -> 31
A45: 375 | B45: SÚJB | C45: Státní úřad pro jadernou bezpečnost | E45: 152152559 | F45: 2000700 | G45: 150151859 | H45: 218 | I45: 57397 | J45: =RANK(I45,I$6:I$49,0) -> 5 | L45: 152152559 | M45: 2000700 | N45: 150151859 | O45: 218 | P45: 57397 | Q45: =RANK(P45,P$6:P$49,0) -> 10 | R45: 150907206 | S45: 2792212 | T45: 148114994 | U45: 196.82 | V45: 62712 | W45: =RANK(V45,V$6:V$49,0) -> 7 | AA45: 170611915 | AB45: 2000700 | AC45: 168611215 | AD45: 237 | AE45: 59287 | AF45: =RANK(AE45,AE$6:AE$49,0) -> 8 | AH45: 170611915 | AI45: 2000700 | AJ45: 168611215 | AK45: 237 | AL45: 59287 | AM45: =RANK(AL45,AL$6:AL$49,0) -> 9 | AN45: 165650329 | AO45: 3194379 | AP45: 162455950 | AQ45: 204.75 | AR45: 66120 | AS45: =RANK(AR45,AR$6:AR$49,0) -> 7
A46: 376 | B46: GIBS | C46: Generální inspekce bezpečnostních sborů | E46: 0 | F46: 0 | G46: 0 | H46: 0 | I46: 0 | J46: =RANK(I46,I$6:I$49,0) -> 33 | L46: 0 | M46: 0 | N46: 0 | O46: 0 | P46: 0 | Q46: =RANK(P46,P$6:P$49,0) -> 32 | R46: 0 | S46: 0 | T46: 0 | U46: 0 | V46: 0 | W46: =RANK(V46,V$6:V$49,0) -> 32 | AA46: 0 | AB46: 0 | AC46: 0 | AD46: 0 | AE46: 0 | AF46: =RANK(AE46,AE$6:AE$49,0) -> 32 | AH46: 0 | AI46: 0 | AJ46: 0 | AK46: 0 | AL46: 0 | AM46: =RANK(AL46,AL$6:AL$49,0) -> 32 | AN46: 0 | AO46: 0 | AP46: 0 | AQ46: 0 | AR46: 0 | AS46: =RANK(AR46,AR$6:AR$49,0) -> 32
A47: 377 | B47: TAČR | C47: Technologická agentura ČR | E47: 0 | F47: 0 | G47: 0 | H47: 0 | I47: 0 | J47: =RANK(I47,I$6:I$49,0) -> 33 | L47: 0 | M47: 0 | N47: 0 | O47: 0 | P47: 0 | Q47: =RANK(P47,P$6:P$49,0) -> 32 | R47: 0 | S47: 0 | T47: 0 | U47: 0 | V47: 0 | W47: =RANK(V47,V$6:V$49,0) -> 32 | AA47: 0 | AB47: 0 | AC47: 0 | AD47: 0 | AE47: 0 | AF47: =RANK(AE47,AE$6:AE$49,0) -> 32 | AH47: 0 | AI47: 0 | AJ47: 0 | AK47: 0 | AL47: 0 | AM47: =RANK(AL47,AL$6:AL$49,0) -> 32 | AN47: 0 | AO47: 0 | AP47: 0 | AQ47: 0 | AR47: 0 | AS47: =RANK(AR47,AR$6:AR$49,0) -> 32
A48: 378 | B48: NÚKIB | C48: Národní úřad pro kybernetickou a informační bezpečnost | E48: 239467965 | F48: 803648 | G48: 238664317 | H48: 373 | I48: 53321 | J48: =RANK(I48,I$6:I$49,0) -> 14 | L48: 239687745 | M48: 803648 | N48: 238884097 | O48: 373 | P48: 53370 | Q48: =RANK(P48,P$6:P$49,0) -> 16 | R48: 239020211 | S48: 1894625 | T48: 237125586 | U48: 357.23 | V48: 55316 | W48: =RANK(V48,V$6:V$49,0) -> 23 | AA48: 259183747 | AB48: 803648 | AC48: 258380099 | AD48: 385 | AE48: 55926 | AF48: =RANK(AE48,AE$6:AE$49,0) -> 17 | AH48: 261641226 | AI48: 941502 | AJ48: 260699724 | AK48: 385.17 | AL48: 56404 | AM48: =RANK(AL48,AL$6:AL$49,0) -> 17 | AN48: 259017236 | AO48: 3805621 | AP48: 255211615 | AQ48: 364.76 | AR48: 58306 | AS48: =RANK(AR48,AR$6:AR$49,0) -> 23
A49: 381 | B49: NKÚ | C49: Nejvyšší kontrolní úřad | E49: 0 | F49: 0 | G49: 0 | H49: 0 | I49: 0 | J49: =RANK(I49,I$6:I$49,0) -> 33 | L49: 0 | M49: 0 | N49: 0 | O49: 0 | P49: 0 | Q49: =RANK(P49,P$6:P$49,0) -> 32 | R49: 0 | S49: 0 | T49: 0 | U49: 0 | V49: 0 | W49: =RANK(V49,V$6:V$49,0) -> 32 | AA49: 0 | AB49: 0 | AC49: 0 | AD49: 0 | AE49: 0 | AF49: =RANK(AE49,AE$6:AE$49,0) -> 32 | AH49: 0 | AI49: 0 | AJ49: 0 | AK49: 0 | AL49: 0 | AM49: =RANK(AL49,AL$6:AL$49,0) -> 32 | AN49: 0 | AO49: 0 | AP49: 0 | AQ49: 0 | AR49: 0 | AS49: =RANK(AR49,AR$6:AR$49,0) -> 32
A50: ÚSTŘEDNÍ ORGÁNY CELKEM
C51: C E L K E M | E51: =SUM(E6:E49) -> 19776225037 | F51: =SUM(F6:F49) -> 764397029 | G51: =SUM(G6:G49) -> 19011828008 | H51: =SUM(H6:H49) -> 31774.65 | I51: =IF(H51=0,0,ROUND(G51/H51/12,0)) -> 49861 | J51: - | L51: =SUM(L6:L49) -> 20372700979 | M51: =SUM(M6:M49) -> 910917647 | N51: =SUM(N6:N49) -> 19461783332 | O51: =SUM(O6:O49) -> 31908.07 | P51: =IF(O51=0,0,ROUND(N51/O51/12,0)) -> 50828 | Q51: - | R51: =SUM(R6:R49) -> 1.9773828e+10 | S51: =SUM(S6:S49) -> 8.1698289e+08 | T51: =SUM(T6:T49) -> 1.8956845e+10 | U51: =SUM(U6:U49) -> 27268.3 | V51: =IF(U51=0,0,ROUND(T51/U51/12,0)) -> 57933 | W51: - | AA51: =SUM(AA6:AA49) -> 21421752240 | AB51: =SUM(AB6:AB49) -> 898233840 | AC51: =SUM(AC6:AC49) -> 20523518400 | AD51: =SUM(AD6:AD49) -> 32026.387 | AE51: =IF(AD51=0,0,ROUND(AC51/AD51/12,0)) -> 53403 | AF51: - | AH51: =SUM(AH6:AH49) -> 21401083593 | AI51: =SUM(AI6:AI49) -> 931097552 | AJ51: =SUM(AJ6:AJ49) -> 20469986041 | AK51: =SUM(AK6:AK49) -> 31199.45 | AL51: =IF(AK51=0,0,ROUND(AJ51/AK51/12,0)) -> 54675 | AM51: - | AN51: =SUM(AN6:AN49) -> 2.11517e+10 | AO51: =SUM(AO6:AO49) -> 8.449977e+08 | AP51: =SUM(AP6:AP49) -> 2.0306702e+10 | AQ51: =SUM(AQ6:AQ49) -> 27567.67 | AR51: =IF(AQ51=0,0,ROUND(AP51/AQ51/12,0)) -> 61384 | AS51: -
E54: =E51=SUMAR!E6 -> TRUE | F54: =F51=SUMAR!F6 -> TRUE | G54: =G51=SUMAR!G6 -> TRUE | H54: =H51=SUMAR!H6 -> TRUE | I54: =ROUND(I51,0)=ROUND(SUMAR!I6,0) -> TRUE | L54: =L51=SUMAR!L6 -> TRUE | M54: =M51=SUMAR!M6 -> TRUE | N54: =N51=SUMAR!N6 -> TRUE | O54: =O51=SUMAR!O6 -> TRUE | P54: =ROUND(P51,0)=ROUND(SUMAR!P6,0) -> TRUE | R54: =R51=SUMAR!R6 -> TRUE | S54: =S51=SUMAR!S6 -> TRUE | T54: =T51=SUMAR!T6 -> TRUE | U54: =U51=SUMAR!U6 -> TRUE | V54: =ROUND(V51,0)=ROUND(SUMAR!V6,0) -> TRUE | AA54: =AA51=SUMAR!AA6 -> TRUE | AB54: =AB51=SUMAR!AB6 -> TRUE | AC54: =AC51=SUMAR!AC6 -> TRUE | AD54: =AD51=SUMAR!AD6 -> TRUE | AE54: =ROUND(AE51,0)=ROUND(SUMAR!AE6,0) -> TRUE | AH54: =AH51=SUMAR!AH6 -> TRUE | AI54: =AI51=SUMAR!AI6 -> TRUE | AJ54: =AJ51=SUMAR!AJ6 -> TRUE | AK54: =AK51=SUMAR!AK6 -> TRUE | AL54: =ROUND(AL51,0)=ROUND(SUMAR!AL6,0) -> TRUE | AN54: =AN51=SUMAR!AN6 -> TRUE | AO54: =AO51=SUMAR!AO6 -> TRUE | AP54: =AP51=SUMAR!AP6 -> TRUE | AQ54: =AQ51=SUMAR!AQ6 -> TRUE | AR54: =ROUND(AR51,0)=ROUND(SUMAR!AR6,0) -> TRUE
E97: 378 NÚKIB | F97: 378 | G97: TRUE
E98: 381 NKÚ | F98: 381 | G98: TRUE

Sheet OSS SS
A1: Číslo rozp. Kapitol | B1: Název kapitoly | E1: SCHV. ROZPOČET 2024 | K1: INDEX Ø platu | L1: UPRAV. ROZPOČET 2024 | R1: SKUTEČNOST 2024 | X1: INDEX Ø platu | AA1: SCHV. ROZPOČET 2025 | AG1: INDEX Ø platu | AH1: UPRAV. ROZPOČET 2025 | AN1: SKUTEČNOST 2025 | AT1: INDEX Ø platu
C3: Rozpočtová | E3: PROSTŘEDKY NA PLATY A OPPP v Kč | F3: z toho : | H3: POČET ZAMĚSTANCŮ | I3: Ø měsíční plat v Kč | J3: Pořadí Ø měsíčního platu | K3: schv. 2017 ke schv. 2016 | L3: PROSTŘEDKY NA PLATY A OPPP v Kč | M3: z toho : | O3: POČET ZAMĚSTANCŮ | P3: Ø měsíční plat v Kč | Q3: Pořadí Ø měsíčního platu | R3: PROSTŘEDKY NA PLATY A OPPP v Kč | S3: z toho : | U3: POČET ZAMĚSTANCŮ | V3: Ø měsíční plat v Kč | W3: Pořadí Ø měsíčního platu | X3: skut. 2017 k uprav. rozp. 2017 | Y3: skut. 2017 ke skut. 2016 | AA3: PROSTŘEDKY NA PLATY A OPPP v Kč | AB3: z toho : | AD3: POČET ZAMĚSTANCŮ | AE3: Ø měsíční plat v Kč | AF3: Pořadí Ø měsíčního platu | AG3: schv. 2017 ke schv. 2016 | AH3: PROSTŘEDKY NA PLATY A OPPP v Kč | AI3: z toho : | AK3: POČET ZAMĚSTANCŮ | AL3: Ø měsíční plat v Kč | AM3: Pořadí Ø měsíčního platu | AN3: PROSTŘEDKY NA PLATY A OPPP v Kč | AO3: z toho : | AQ3: POČET ZAMĚSTANCŮ | AR3: Ø měsíční plat v Kč | AS3: Pořadí Ø měsíčního platu | AT3: skut. 2017 k uprav. rozp. 2017 | AU3: skut. 2017 ke skut. 2016
C4: kapitola | F4: OPPP v Kč | G4: PROSTŘEDKY NA PLATY | M4: OPPP v Kč | N4: PROSTŘEDKY NA PLATY | S4: OPPP v Kč | T4: PROSTŘEDKY NA PLATY | AB4: OPPP v Kč | AC4: PROSTŘEDKY NA PLATY | AI4: OPPP v Kč | AJ4: PROSTŘEDKY NA PLATY | AO4: OPPP v Kč | AP4: PROSTŘEDKY NA PLATY
A6: 301 | B6: KPR | C6: Kancelář prezidenta | E6: 0 | F6: 0 | G6: 0 | H6: 0 | I6: 0 | J6: =RANK(I6,I$6:I$48,0) -> 12 | L6: 0 | M6: 0 | N6: 0 | O6: 0 | P6: 0 | Q6: =RANK(P6,P$6:P$48,0) -> 12 | R6: 0 | S6: 0 | T6: 0 | U6: 0 | V6: 0 | W6: =RANK(V6,V$6:V$48,0) -> 12 | AA6: 0 | AB6: 0 | AC6: 0 | AD6: 0 | AE6: 0 | AF6: =RANK(AE6,AE$6:AE$48,0) -> 12 | AH6: 0 | AI6: 0 | AJ6: 0 | AK6: 0 | AL6: 0 | AM6: =RANK(AL6,AL$6:AL$48,0) -> 12 | AN6: 0 | AO6: 0 | AP6: 0 | AQ6: 0 | AR6: 0 | AS6: =RANK(AR6,AR$6:AR$48,0) -> 12
A7: 302 | B7: Kparl | C7: Parlament | E7: 0 | F7: 0 | G7: 0 | H7: 0 | I7: 0 | J7: =RANK(I7,I$6:I$48,0) -> 12 | L7: 0 | M7: 0 | N7: 0 | O7: 0 | P7: 0 | Q7: =RANK(P7,P$6:P$48,0) -> 12 | R7: 0 | S7: 0 | T7: 0 | U7: 0 | V7: 0 | W7: =RANK(V7,V$6:V$48,0) -> 12 | AA7: 0 | AB7: 0 | AC7: 0 | AD7: 0 | AE7: 0 | AF7: =RANK(AE7,AE$6:AE$48,0) -> 12 | AH7: 0 | AI7: 0 | AJ7: 0 | AK7: 0 | AL7: 0 | AM7: =RANK(AL7,AL$6:AL$48,0) -> 12 | AN7: 0 | AO7: 0 | AP7: 0 | AQ7: 0 | AR7: 0 | AS7: =RANK(AR7,AR$6:AR$48,0) -> 12
A8: 303 | B8: Ksen | C8: Kancelář Senátu | E8: 0 | F8: 0 | G8: 0 | H8: 0 | I8: 0 | J8: =RANK(I8,I$6:I$48,0) -> 12 | L8: 0 | M8: 0 | N8: 0 | O8: 0 | P8: 0 | Q8: =RANK(P8,P$6:P$48,0) -> 12 | R8: 0 | S8: 0 | T8: 0 | U8: 0 | V8: 0 | W8: =RANK(V8,V$6:V$48,0) -> 12 | AA8: 0 | AB8: 0 | AC8: 0 | AD8: 0 | AE8: 0 | AF8: =RANK(AE8,AE$6:AE$48,0) -> 12 | AH8: 0 | AI8: 0 | AJ8: 0 | AK8: 0 | AL8: 0 | AM8: =RANK(AL8,AL$6:AL$48,0) -> 12 | AN8: 0 | AO8: 0 | AP8: 0 | AQ8: 0 | AR8: 0 | AS8: =RANK(AR8,AR$6:AR$48,0) -> 12
A9: 304 | B9: ÚV | C9: Úřad vlády | E9: 0 | F9: 0 | G9: 0 | H9: 0 | I9: 0 | J9: =RANK(I9,I$6:I$48,0) -> 12 | L9: 0 | M9: 0 | N9: 0 | O9: 0 | P9: 0 | Q9: =RANK(P9,P$6:P$48,0) -> 12 | R9: 0 | S9: 0 | T9: 0 | U9: 0 | V9: 0 | W9: =RANK(V9,V$6:V$48,0) -> 12 | AA9: 0 | AB9: 0 | AC9: 0 | AD9: 0 | AE9: 0 | AF9: =RANK(AE9,AE$6:AE$48,0) -> 12 | AH9: 0 | AI9: 0 | AJ9: 0 | AK9: 0 | AL9: 0 | AM9: =RANK(AL9,AL$6:AL$48,0) -> 12 | AN9: 0 | AO9: 0 | AP9: 0 | AQ9: 0 | AR9: 0 | AS9: =RANK(AR9,AR$6:AR$48,0) -> 12
A10: 306 | B10: MZV | C10: Ministerstvo zahraničních věcí | E10: 0 | F10: 0 | G10: 0 | H10: 0 | I10: 0 | J10: =RANK(I10,I$6:I$48,0) -> 12 | L10: 0 | M10: 0 | N10: 0 | O10: 0 | P10: 0 | Q10: =RANK(P10,P$6:P$48,0) -> 12 | R10: 0 | S10: 0 | T10: 0 | U10: 0 | V10: 0 | W10: =RANK(V10,V$6:V$48,0) -> 12 | AA10: 0 | AB10: 0 | AC10: 0 | AD10: 0 | AE10: 0 | AF10: =RANK(AE10,AE$6:AE$48,0) -> 12 | AH10: 0 | AI10: 0 | AJ10: 0 | AK10: 0 | AL10: 0 | AM10: =RANK(AL10,AL$6:AL$48,0) -> 12 | AN10: 0 | AO10: 0 | AP10: 0 | AQ10: 0 | AR10: 0 | AS10: =RANK(AR10,AR$6:AR$48,0) -> 12
A11: 307 | B11: MO | C11: Ministerstvo obrany | E11: 0 | F11: 0 | G11: 0 | H11: 0 | I11: 0 | J11: =RANK(I11,I$6:I$48,0) -> 12 | L11: 0 | M11: 0 | N11: 0 | O11: 0 | P11: 0 | Q11: =RANK(P11,P$6:P$48,0) -> 12 | R11: 0 | S11: 0 | T11: 0 | U11: 0 | V11: 0 | W11: =RANK(V11,V$6:V$48,0) -> 12 | AA11: 0 | AB11: 0 | AC11: 0 | AD11: 0 | AE11: 0 | AF11: =RANK(AE11,AE$6:AE$48,0) -> 12 | AH11: 0 | AI11: 0 | AJ11: 0 | AK11: 0 | AL11: 0 | AM11: =RANK(AL11,AL$6:AL$48,0) -> 12 | AN11: 0 | AO11: 0 | AP11: 0 | AQ11: 0 | AR11: 0 | AS11: =RANK(AR11,AR$6:AR$48,0) -> 12
A12: 308 | B12: NBÚ | C12: Národní bezpečnostní úřad | E12: 0 | F12: 0 | G12: 0 | H12: 0 | I12: 0 | J12: =RANK(I12,I$6:I$48,0) -> 12 | L12: 0 | M12: 0 | N12: 0 | O12: 0 | P12: 0 | Q12: =RANK(P12,P$6:P$48,0) -> 12 | R12: 0 | S12: 0 | T12: 0 | U12: 0 | V12: 0 | W12: =RANK(V12,V$6:V$48,0) -> 12 | AA12: 0 | AB12: 0 | AC12: 0 | AD12: 0 | AE12: 0 | AF12: =RANK(AE12,AE$6:AE$48,0) -> 12 | AH12: 0 | AI12: 0 | AJ12: 0 | AK12: 0 | AL12: 0 | AM12: =RANK(AL12,AL$6:AL$48,0) -> 12 | AN12: 0 | AO12: 0 | AP12: 0 | AQ12: 0 | AR12: 0 | AS12: =RANK(AR12,AR$6:AR$48,0) -> 12
A13: 309 | B13: KVOP | C13: kancelář veřejného ochránce práv | E13: 0 | F13: 0 | G13: 0 | H13: 0 | I13: 0 | J13: =RANK(I13,I$6:I$48,0) -> 12 | L13: 0 | M13: 0 | N13: 0 | O13: 0 | P13: 0 | Q13: =RANK(P13,P$6:P$48,0) -> 12 | R13: 0 | S13: 0 | T13: 0 | U13: 0 | V13: 0 | W13: =RANK(V13,V$6:V$48,0) -> 12 | AA13: 0 | AB13: 0 | AC13: 0 | AD13: 0 | AE13: 0 | AF13: =RANK(AE13,AE$6:AE$48,0) -> 12 | AH13: 0 | AI13: 0 | AJ13: 0 | AK13: 0 | AL13: 0 | AM13: =RANK(AL13,AL$6:AL$48,0) -> 12 | AN13: 0 | AO13: 0 | AP13: 0 | AQ13: 0 | AR13: 0 | AS13: =RANK(AR13,AR$6:AR$48,0) -> 12
A14: 312 | B14: MF | C14: Ministerstvo financí | E14: 7767944633 | F14: 15986953 | G14: 7751957680 | H14: 14677 | I14: 44014 | J14: =RANK(I14,I$6:I$48,0) -> 3 | L14: 7773380803 | M14: 15986953 | N14: 7757393850 | O14: 14688 | P14: 44012 | Q14: =RANK(P14,P$6:P$48,0) -> 4 | R14: 7.6498855e+09 | S14: 42514733 | T14: 7.6073708e+09 | U14: 13673.32 | V14: 46364 | W14: =RANK(V14,V$6:V$48,0) -> 3 | AA14: 8163988234 | AB14: 15986953 | AC14: 8148001281 | AD14: 14691 | AE14: 46219 | AF14: =RANK(AE14,AE$6:AE$48,0) -> 3 | AH14: 7954761024 | AI14: 15486953 | AJ14: 7939274071 | AK14: 14691 | AL14: 45035 | AM14: =RANK(AL14,AL$6:AL$48,0) -> 5 | AN14: 7.9486557e+09 | AO14: 9567513 | AP14: 7.9390882e+09 | AQ14: 13645.7 | AR14: 48483 | AS14: =RANK(AR14,AR$6:AR$48,0) -> 4
A15: 313 | B15: MPSV | C15: Ministerstvo práce a sociálních věcí | E15: 8163073557 | F15: 24306754 | G15: 8138766803 | H15: 20451.45 | I15: 33163 | J15: =RANK(I15,I$6:I$48,0) -> 10 | L15: 9401460752 | M15: 196518354 | N15: 9204942398 | O15: 19616.32 | P15: 39104 | Q15: =RANK(P15,P$6:P$48,0) -> 7 | R15: 9380669197 | S15: 182412135 | T15: 9198257062 | U15: 18878.28 | V15: 40603 | W15: =RANK(V15,V$6:V$48,0) -> 8 | AA15: 8698460305 | AB15: 44306754 | AC15: 8654153551 | AD15: 19820.4 | AE15: 36386 | AF15: =RANK(AE15,AE$6:AE$48,0) -> 10 | AH15: 9500718337 | AI15: 57846315 | AJ15: 9442872022 | AK15: 19422.64 | AL15: 40515 | AM15: =RANK(AL15,AL$6:AL$48,0) -> 9 | AN15: 9.3789394e+09 | AO15: 57618305 | AP15: 9.3213211e+09 | AQ15: 18282.39 | AR15: 42488 | AS15: =RANK(AR15,AR$6:AR$48,0) -> 9
A16: 314 | B16: MV | C16: Ministerstvo vnitra | E16: 491033390 | F16: 11287959 | G16: 479745431 | H16: 1088 | I16: 36745 | J16: =RANK(I16,I$6:I$48,0) -> 8 | L16: 504976157 | M16: 21184726 | N16: 483791431 | O16: 1089.75 | P16: 36996 | Q16: =RANK(P16,P$6:P$48,0) -> 9 | R16: 5.0284625e+08 | S16: 21616470 | T16: 4.8122978e+08 | U16: 1043.66 | V16: 38425 | W16: =RANK(V16,V$6:V$48,0) -> 9 | AA16: 526934243 | AB16: 10918379 | AC16: 516015864 | AD16: 1090.87 | AE16: 39419 | AF16: =RANK(AE16,AE$6:AE$48,0) -> 9 | AH16: 533791767 | AI16: 19693733 | AJ16: 514098034 | AK16: 1090.47 | AL16: 39287 | AM16: =RANK(AL16,AL$6:AL$48,0) -> 10 | AN16: 5.336892e+08 | AO16: 20220530 | AP16: 5.1346867e+08 | AQ16: 1039.51 | AR16: 41163 | AS16: =RANK(AR16,AR$6:AR$48,0) -> 10
A17: 315 | B17: MŽP | C17: Ministerstvo životního prostředí | E17: 677318900 | F17: 29069391 | G17: 648249509 | H17: 1274.3 | I17: 42393 | J17: =RANK(I17,I$6:I$48,0) -> 4 | L17: 728116978 | M17: 36350661 | N17: 691766317 | O17: 1303.78 | P17: 44215 | Q17: =RANK(P17,P$6:P$48,0) -> 3 | R17: 670857252 | S17: 27896622 | T17: 642960630 | U17: 1219.28 | V17: 43944 | W17: =RANK(V17,V$6:V$48,0) -> 6 | AA17: 756060548 | AB17: 28661804 | AC17: 727398744 | AD17: 1319.14 | AE17: 45952 | AF17: =RANK(AE17,AE$6:AE$48,0) -> 4 | AH17: 757203580 | AI17: 31630033 | AJ17: 725573547 | AK17: 1341.66 | AL17: 45067 | AM17: =RANK(AL17,AL$6:AL$48,0) -> 4 | AN17: 753101506 | AO17: 37219272 | AP17: 715882234 | AQ17: 1269.91 | AR17: 46977 | AS17: =RANK(AR17,AR$6:AR$48,0) -> 5
... A39: 362 | B39: NSA | C39: Národní sportovní agentura | E39: 0 | F39: 0 | G39: 0 | H39: 0 | I39: 0 | J39: =RANK(I39,I$6:I$48,0) -> 12 | L39: 0 | M39: 0 | N39: 0 | O39: 0 | P39: 0 | Q39: =RANK(P39,P$6:P$48,0) -> 12 | R39: 0 | S39: 0 | T39: 0 | U39: 0 | V39: 0 | W39: =RANK(V39,V$6:V$48,0) -> 12 | AA39: 0 | AB39: 0 | AC39: 0 | AD39: 0 | AE39: 0 | AF39: =RANK(AE39,AE$6:AE$48,0) -> 12 | AH39: 0 | AI39: 0 | AJ39: 0 | AK39: 0 | AL39: 0 | AM39: =RANK(AL39,AL$6:AL$48,0) -> 12 | AN39: 0 | AO39: 0 | AP39: 0 | AQ39: 0 | AR39: 0 | AS39: =RANK(AR39,AR$6:AR$48,0) -> 12
A40: 364 | B40: DIA | E40: 0 | F40: 0 | G40: 0 | H40: 0 | I40: 0 | J40: =RANK(I40,I$6:I$48,0) -> 12 | L40: 0 | M40: 0 | N40: 0 | O40: 0 | P40: 0 | Q40: =RANK(P40,P$6:P$48,0) -> 12 | R40: 0 | S40: 0 | T40: 0 | U40: 0 | V40: 0 | W40: =RANK(V40,V$6:V$48,0) -> 12 | AA40: 0 | AB40: 0 | AC40: 0 | AD40: 0 | AE40: 0 | AF40: =RANK(AE40,AE$6:AE$48,0) -> 12 | AH40: 0 | AI40: 0 | AJ40: 0 | AK40: 0 | AL40: 0 | AM40: =RANK(AL40,AL$6:AL$48,0) -> 12 | AN40: 0 | AO40: 0 | AP40: 0 | AQ40: 0 | AR40: 0 | AS40: =RANK(AR40,AR$6:AR$48,0) -> 12
A41: 371 | B41: ÚDHPSH | C41: Úřad pro dohled nad hospodařením politických stran a politických hnutí | E41: 0 | F41: 0 | G41: 0 | H41: 0 | I41: 0 | J41: =RANK(I41,I$6:I$48,0) -> 12 | L41: 0 | M41: 0 | N41: 0 | O41: 0 | P41: 0 | Q41: =RANK(P41,P$6:P$48,0) -> 12 | R41: 0 | S41: 0 | T41: 0 | U41: 0 | V41: 0 | W41: =RANK(V41,V$6:V$48,0) -> 12 | AA41: 0 | AB41: 0 | AC41: 0 | AD41: 0 | AE41: 0 | AF41: =RANK(AE41,AE$6:AE$48,0) -> 12 | AH41: 0 | AI41: 0 | AJ41: 0 | AK41: 0 | AL41: 0 | AM41: =RANK(AL41,AL$6:AL$48,0) -> 12 | AN41: 0 | AO41: 0 | AP41: 0 | AQ41: 0 | AR41: 0 | AS41: =RANK(AR41,AR$6:AR$48,0) -> 12
A42: 372 | B42: RRTV | C42: Rada pro rozhlasové a televizní vysílání | E42: 0 | F42: 0 | G42: 0 | H42: 0 | I42: 0 | J42: =RANK(I42,I$6:I$48,0) -> 12 | L42: 0 | M42: 0 | N42: 0 | O42: 0 | P42: 0 | Q42: =RANK(P42,P$6:P$48,0) -> 12 | R42: 0 | S42: 0 | T42: 0 | U42: 0 | V42: 0 | W42: =RANK(V42,V$6:V$48,0) -> 12 | AA42: 0 | AB42: 0 | AC42: 0 | AD42: 0 | AE42: 0 | AF42: =RANK(AE42,AE$6:AE$48,0) -> 12 | AH42: 0 | AI42: 0 | AJ42: 0 | AK42: 0 | AL42: 0 | AM42: =RANK(AL42,AL$6:AL$48,0) -> 12 | AN42: 0 | AO42: 0 | AP42: 0 | AQ42: 0 | AR42: 0 | AS42: =RANK(AR42,AR$6:AR$48,0) -> 12
A43: 374 | B43: SSHR | C43: Správa státních hmotných rezerv | E43: 0 | F43: 0 | G43: 0 | H43: 0 | I43: 0 | J43: =RANK(I43,I$6:I$48,0) -> 12 | L43: 0 | M43: 0 | N43: 0 | O43: 0 | P43: 0 | Q43: =RANK(P43,P$6:P$48,0) -> 12 | R43: 0 | S43: 0 | T43: 0 | U43: 0 | V43: 0 | W43: =RANK(V43,V$6:V$48,0) -> 12 | AA43: 0 | AB43: 0 | AC43: 0 | AD43: 0 | AE43: 0 | AF43: =RANK(AE43,AE$6:AE$48,0) -> 12 | AH43: 0 | AI43: 0 | AJ43: 0 | AK43: 0 | AL43: 0 | AM43: =RANK(AL43,AL$6:AL$48,0) -> 12 | AN43: 0 | AO43: 0 | AP43: 0 | AQ43: 0 | AR43: 0 | AS43: =RANK(AR43,AR$6:AR$48,0) -> 12
